sha,pr_number
e4341a40c305d976d182ce469f1226e39684f672,77270
edfeedfcd9e1ee6eaa67701e6efc36348fe7b58d,77270
533ef581573a84098e45fd5d0f8cf3c90df9abe9,98024
2dd1bbd1598072102c7946352cefd3d510ced147,98300
68a9265d046b56e350b768aa14bd0c96f20eb677,99362
0020d6978de47eb8a49557fe56b6e9984cc71c84,101807
df8b5861725396858cb31417abeb68a00750a803,104903
277dad84c923fd37090bceaa10e357c1d6bd25d4,105397
71a2db325b2a5f4b822410936d1b84ea08351180,105393
53a94f0d25ec5ae3736bac39ea6570d648f347e2,105609
e6ed4c3c780dc95830b189c5d523fb9165468d6e,105635
7451465c8a3760688340d16806731ff8d10c9a66,105471
02d10281ee2c05c528fe8fcdbd994274aedf1a27,105471
ef5877aaa0b0b6e1c74dc8b6a4a0d1ea0bbb89ee,105471
281c1cbd78fb39e180629efee1a1e48058a1ac42,105471
b2a7a5d2513ad3fecdf196173462ba84b6d3cc7a,105471
913a896f851b66e0a3c07ebe50b6f8ea529c62fe,105471
8279343c92820d4a54925cbf86e2184186bf87a5,105471
b422aee0a56265cd1d07ad126385da68cb9a2cc5,105471
ff3645d827216b6c40cac954d2f324a52e5d089a,105471
ddf577db30a087e01f84beeeb1b79d5786e3598a,105490
c3f8820e955bcf6c977df81a9d0277e09c9aeae1,105490
6ca9d107c895890c22b1cc8b7ad06f78712fe4da,105490
c7616308e69707a409c3d85297e7273495336279,105801
449ad67f193d4a438cdcbb776eb76bdab6dbbd5d,105375
c6fa8294ddba2e5ce2ebf18e4c6176158db5150b,106068
e6f9a96a51353bfc200c9fbed41ac3b38fe4d6e1,106122
553452583c45ab254f0ddcf33ecaeb3c0648e2c0,106091
1864d958071185535df73836c2fdd50168dacf85,106138
7408959d09b9f1a534a6676bab1255286b28c688,106137
c9f6082fb47b6f52a54379a40b68a3b2385e2565,106103
5609406614814e8a9e45df9c07e059ae0d82234e,106144
66a74a2385a1a626716ff4f415740cd683c4fa5b,106144
d723a996ebd2ae799d5f8a52043c6460938845d2,106144
99bdef5ae929c29d546274ded228138ddaa622d6,106144
304ffce894a2a908defd1746075b9595d2db7f59,105728
359fb5df3200485e51f0cedc4ba4577eab130d2e,106588
67af7d23664c26b97361bfbae579f29c79908ed4,106617
9f043928c02aa37aa3287d8f4adc54d5b0ec6d9e,106691
7796339c41b574a2ca2b741810f743b80fade9aa,106729
54101d7d0d945fd842933c112d26443e50f00b55,106210
d8b4039ea2effd93296c3e571dcf2e99e9c41190,106435
3b4821f1ba6622ae4774a29f01f87af274ec835d,105800
9e8b3cf7ead982b62ee0a5cda4d2e3c8a800e4f2,106227
05e807e787a668c75968ed8be6f35c952fe5c4b5,106662
3f5507e66606b37f3de2672b4dd510a232427053,106136
d22c0d5243a73a707d7dcaa863009ff60b4d698f,106257
08f9a2d83ab170f94abe6bf139a9d8de7111055b,106257
608e6d1f46036b1d14918689a636a84974ad88ec,103932
2e213a8b45d189ef525367b579ae83a6f5095b07,103932
d01ea12e787e410324eae5d80596227cf3274899,107140
8dbe9770901a8321f5399512ab0d8cfd1fcd87fe,107140
2f58de062669fb91a9fda5a89ab3b453b07623b7,107140
03263c5213a0f357d9e8fbb5c2b8abc55e464766,107140
2a3783442bc70e4f88321a1737732e472d1e7a64,107514
aadbf79f3578b658360f8b74b86a382a1d328fc0,107514
4679fa170be451cc2f163c21e8f0251b14db92a8,107514
05e73162ff8c8bcc750b3549f66959d65a871654,107057
b83fbf6a7f5f290f5b0f13732e2d844c7a6636c3,107057
7f777c04e5ed105efc712c25e28026841e1de941,107517
cd27da58eedb8d0fe380dd340b81ca5afa35de45,107609
c924e5c47d520b8918de788932624a606a8e6232,107609
620480f6176ad4a8a893e457cc3d0c0dadca3861,107609
76165a37e37a4cd7da4541e8e9725fa448ff86ee,107612
1673509a3c6ee825865112ff0f398dcb7a9d1880,107437
eeb0a701f1e91b563100e1fb06491ef5887c9b1a,107706
0daeffee3b41461c2cce2ec34046cebb0878bba7,107459
eaed94d49e1761e571e2b2bd06a1a2f573633966,107459
f9bbf19f853d93da797efdc8c51627a10d064937,107459
6c1ae308660107c20dad97309aff608795199905,107439
7c2a9c1a22e1b62bcda89b1852c983950e1c3e9b,106848
43d6f06f1e20b957afed991202616dcf398536b7,106848
3e0470c25a888eada89a85b6cf9225c15abdda46,107213
f31fb53d424bd42d50f733f5a7f0dd4cfd2207b9,107213
593d63c897d25dbed1b4a4366a2426f9bc115756,107213
7097c3ee0dce685226f45c891d60cab962800d08,107885
7ac6f02ffba1998c3dde2c02880568c1f5d750f2,107885
39977a1c60e5659e44aae031e748abfd8acf8c4d,107885
33d6ac92719e2b03664ff39c878adeb431753af5,106508
fb69902ff4a4356514c9d7674faf5feedd329f44,106508
ece9ac42135be2eef10ad9e789781c83e84e5909,106536
ba3f8abbd2cbd2f9f5edcfe926e925ea8246f79a,106536
0ccfdc5fe244dbf61ac4cc912e18cee765b695e0,106536
26c5b1d3103e6d07d1e3f4b5c76d87453a210a7b,107901
b78cac13f920b73e500b706c7e51feb8d3d127cd,107901
7ef58cf4771cf4356ff2d546ed68668c7720fdca,107901
dbee7f5510fc14732ee91fa5b87328ffa8cd184c,107915
26e88cee767e546601da29217b5258803c5a32f1,107953
8292f7b00d916a16a86768e61bcceae717c6956a,106183
c97a886a43bd52603b25abfa4f2472fb3977b973,106371
0f5c36e11272abf6918c2e217b4595c3f785bbb9,108046
a0a78f04ffcb5c90f6bf270f3c6f2522e967837d,108110
efccf9e041e3c5ec908812ded4fe2d9c871bff40,106458
0b94a090c0763b2ac9e288247b2adc9adf7987b4,106458
78f7946683abbe83671611aeaf647c5b14220db8,106562
a1fa5016304c4d8b6dc7ae7342d35728ac080bbb,108323
bbcc73909560d72b9ea80c9a1a22504b90e9b6d7,107830
3f849e3cf91dd736ad3e4aeaaff57d588a4f2c1d,107830
abc450c7fff9d7de40e3a960bc39f687aaea094f,107830
9d0daecd81b9ac98e8226821bebb949346c87845,107830
27d7693af9a356ce7e9942c1a91e33f985e73929,107830
bc06869cbbba290aef673b1ce3c9a49067f1708a,107830
b84cb2f8bb15268a58d454b84fbff8f614db0fc4,107830
75d86867df226620a9aa6f086f01ee419f9c302f,107830
ee347805b4ca92377191ab8568fea5114923e449,107830
0c58289a325f856ec4db38b209be4ba7bfceff04,107830
b9c3f4b138d499a21d232e5a3405d92b90d731cc,107830
73de51b9cf3f33a9786be5d4c0d96deaf377f027,107830
81f336adac5a7536c8e158287d51fbc9e487c3ab,107830
2b7eaa153b6e9d3ec66d326cc00e2f8b7873f024,108158
6e2154129b985c3cd90e2de42aa8d1a71576a24c,108260
3976d05ba7e86b3f46461d4d1b637d8e3a7928a0,108318
a546d5508c7716a437dfe642e5aa3ef87be44db6,108166
f1d872ebf497f087d4128f0d4337cd2008cc0921,108157
add400b51ac0610a1d59aec2556f7ac7bb7f01a8,108263
c5d0414819bcdd0828fda9b63f451072b1522ea6,108317
a89f48bcde1a084d3cecc06f2fc0d2561befeb92,108319
8fc67e6e3143e2d11cb819eca10ae8d2d48262fc,108320
382e2efd334f66c77a0ba8c05967220703c6368c,108160
d0d44c31d2278353457f85f2680daff5c42c3a3c,108431
7ffe241341341fab3ea8366f404fe1eca2f4c8dc,107214
a28a405222ab557a39e1c455920b78d0d65a54e7,108392
56bae04ce39fc333c7a265a4c05d929491ba3e2d,108392
226240021a5ee9631b0ecb59c6b5676e44c37591,108544
6e0c80edaf7cf67858fbb1a6f3f57bc9c8f74139,107110
1a9df8323ef1e0f8391dddab9d1de6aac98b1e2c,107542
ff1b75df79d8dec70f1ff705d4dff6c6b0d5f7a8,107542
dd3fcffa1c3c769b82648bd6fff7c9cda284eb2d,107542
791df3b42ca80f7799cb589b431b71217e9afc66,107542
9d286a915ca7842b3f98b928846fc337c28974f6,108315
f5690d4bc345654241be04456f894cdd1f350287,108769
e68b4ed16f0e4adc2df35d9a79af5731592e22d3,108769
84a7dc4df138a5c84b65534034c9562105724bc8,108798
a2c4324acd50a5f92e492e6e460e6297af826148,108849
d1b52d078f8cc7fe95792e8ca181d2eb602c5f6a,108529
1c79d0c4672359b19c10523fa47bb566761a49e8,108529
89cdafde07f70fba2e8790d9253153b7b2b71d1e,106359
5869b7a943df226893c7470a80513d6db2d5811f,106359
d543d3f3cc28bc1ca9b52a4584184a905a5e1204,106359
47788f74259c9eccdb0f0906ada0941d11e2bfb9,106359
52a2963031b1a0dd3a8eee3250f7ed16577cb3d3,106359
eca4841373d9a5539e04ab0a925ae0fa4f37bd15,106359
28cbd248dd46c9ffdf5c68d83be9194667706681,106359
c824c20082930612e3c690dd7011bc618dcb0a37,108674
183781b49e2d2c3bb71cfe64a66e44553e1304bc,108674
3759ac7c8209a00e538c5a7f5c215cb4bd56bf2f,108674
1f93191ab66b4eaddb4ff8d1e2fa970bd46e0c6d,106300
f9d24c4a7ed78dd186e0c8828a3e576dffa953a8,108950
37c3fd035ee5d4051307cce92bc882f718e863da,108520
e0716187ac9c303895a5783100d1ffe2b5c36596,108520
3f88d93095b85b8820e7b13a0d8121f48394ad67,108520
fd39ab6fa11502aa506002bbd9b747f75e57ffb6,108520
376bd2f4cb540ed55a0a22ff1c0560addacd2ed9,109176
0f653263ae1b62561de4a676fd011a7848003cd8,108168
b8d5f52be9b232cc4888b45df9eb4294e1e751a8,108940
3e5ed41fca0d2d16f2c5a423c21f1075cf016fa2,109090
6c592a4c24753cf9b959798524521e423c71ce1a,108170
eae67ce46645ce033d897ca22bb17d36456d7036,108243
47ca72394b6572bce3020781fa2f9991f7b6b65c,108243
abfbebf92124a1e49f8f8477945883e928974c12,108243
d7df055052bdb50e73fd6be92fae8e04d5f48d86,108262
7ff0d23485341e1be4085fa88f7e78c863b39942,109150
15d36d87b61100fa7aa81b2fd1ca8e19e69c4418,109187
133f9968a059ead361a1d0e21bee4fc0913c98e6,109187
b712f8ad38267fdb42ba38f8e68718420a6f022b,109187
b366673163a72245244f30d988c760bb420de27d,109187
f825a8745f318fa7b567fe112abbd9427f32b4b9,108264
98530cbf0eece7ea87b7f3b9032b556a468679f2,108591
9b75ad5c21be40d2839c01008fa5aa9c8fb61eed,109203
28e96019025228b34fc02addb49071d70f7fe081,109146
5e8435875922907705e9ee24e752f8713be3ec17,108093
99218a3c5ae45834c395c72eb0c31550e7c7ff8d,109191
1f3bbab11bf22b585f4081a5db9978f08b9266d4,109191
1b78978026354d3a799467513deb808537b68ac6,109252
7ddcb93d4a2f4d93b34eccfdcf8bf614d8e5537c,107190
4cb99015a7d8d0604f182a00ed7f0b42dee21fce,107190
794633f2a500f442e7186773213ef97719238066,107190
7120a9d72ec3cca3c6225055ab0fc9062908135a,107488
990e21e1767436ac1627dec0b7e41f1cee16bcf2,109341
c9b8847e58739d918c6a771531ee27d2aca37cf4,109224
7d472fc11616c6f5e3c887d255cf7bb9429039fe,109224
42bafa21c8f717ba434afecb47320c30fb6f3151,109224
957a4848ec18e7e1141b098e3a23f958790099f4,109224
c81524ac5cdced8b7e17a6b01e185c9819e216b9,109224
44e95cf6f6b4ee888b3a6762246fa4819c3fb79e,109224
538446039226706a94637f1537234a1f9344e0b0,109224
6b1a5e72a3755ecdaf519500857cbd7696e5dbd1,109224
ee2aa22332c1f4ceeb88384859817fb59fc76a51,109224
cf0e78159126b9f1855e036c8f07f6736d75594c,109224
40ded8a8eb241ce9aeffa5f02d93d8bcd2050b80,109224
3e8c6332aa0d4fdbe4d29f609f90bc97367688e6,109405
74ff7d3913f692ed10363a7f0a466f0366bc2c2a,109413
f27c33544b8988d8f225cce266ef5bab87986c7e,107489
478d5afefd790eeca2bf95063f456b94a1c8e805,107501
c3ba8f9fc632a1640afcdfacd7f17edf79297bf0,109433
65935885622b0e4a5dbe5b82504c30097eb75ce0,105452
311153ea168e00216a5c5acc2f47018dc8ea1c97,109505
3a308dc06a0ff37bcae36acb0ee056992d73de34,109505
935bfe705cc947691003e1118894ba35f95c3f1f,108311
973f03e32ed1b01e1b4dc02adc3b97ad509c5ba8,109371
48671402186307bc9ea3d8cb97fbe6fbb63e38b8,107156
6489b436e950fb5314a7b9673e8f3b6143ada4a7,107156
6b7302e454ac8bd23827c2c1f717ff63f1e34970,108384
ede6dce8e0dcb4ec1e18a529be9cc8ec937a7018,109689
adf2b1108088905601fcc87c030e15f22787d140,109689
cdcf125a715be9f97214174543d2680d5b383993,108522
1a9cf83634f7ea4ba7dadee32c328b52ab9309ef,109453
5932e6f11f818f78bdb966f3b9122626295bb074,109527
656c245ce51e22c0a04f621b5429e32578ed59a5,107490
cb234401d2eb799326e0cac67da2a880c07fd247,107537
82b368be00d7ce191fa7d6f773765fa4daf5105d,107753
68b9d48ba4bf418de79b50764c2086b2ca89479a,107753
a1efb4ae26cd4ee6db5dd0c8f1c0dd8e4c8fbb33,108420
ee1068adf36695e1f8949a8d890de568d9b0bc4b,108705
3be401358153c1f5016c155dcdbe3084ae7a8641,109609
87421d3d8a595f05dc7592444712b1a6a2dd9937,106777
792718a5a3b059bc657f88d8622934af806b614a,106860
deb16ae42538dee1e1f92d464edd1f3217a74354,107491
6c400ffa70d0c18397f3213642666b01ddbe5cf1,107487
f25928c06250d10004dd059798dddb673e5670ec,107220
308bab1ee585a755de3a580ef547bd8ea64d2572,107220
bbb3e0fd697c561ae015771e9acdfcd2ed523ebd,107220
ad1fc2bb11f7921135f5a50cfcdbbecc72b24166,107220
b8538f3ac905be7a1d1e4bef9938fdb114ee6767,107220
3220845eedc2338a0a3facc03545c77ed7864fbc,107220
5f0b0d697c20b4cf0d6811571d946a4a5411ba12,107220
dcb902b1bb2c2826b0ccab8f7da0501df67123f8,107220
dfca75d9d149544b284252b78374ffb2846464a9,107220
118ee5df80de43ef3ffedaf5f03ee24f4dbe22c5,107220
fabfa8b574b0838e56b9e8951c8dc7a498b419a7,107220
5ee9c41947b7a9b5a6391636442c7c8b0cb829bb,107220
78355730a90933d0c2cc7e3aad255c4e35617306,107220
adbfdfc6dd15a96cb67dcdf6c78e73fe74406719,107220
380c41ed6673aca320d86df6fb67e34b14b6b92f,107220
88455c37a286ffdcc1a854900bd0d10560422d0c,107220
b92808c55eaf74f5c8125362cd5dc6f0087d4469,107220
2b890472c97b1bc282e1de89e503d2275ae1cbae,106687
130a2c151587104e4fc6edf1b3f2243a79851c59,107951
a0eac9f783ecc0f8cda9dbe64c473bca6ebf4172,107951
6d4e4412fb5b4bba02301237ab2113eaddad9eab,107951
4cc51f83b435e62ac31e9c6e1cb610da00fd34b2,107951
2635797c62c57990f0046475c995ca1b57c191c4,109148
20ec5d90c7c6a2f78e5d84a76be62849ff591986,109221
e1ee2970b7ee8a1e410cfecc700e191dc797f9c6,108616
4b38154187bf5f8f6a34d163626db3129d7f8db1,108616
61ff7892130766fab2700346e8d29abf2bbcb421,109908
3f9d2a0ecde54cc67272c40dc42137ee30c2d8e5,110009
68a29a11c38789b997dfcb0da8f4ff1787db0950,110009
c859b6a3e7027228e62e7385ba0f425b8b616a53,107765
683116578a5ed6b8154643c27d5835cb7ba5cb2b,109158
f4e63a5e37eaeefbc9eeecc39738e985dbf20790,109158
709fb00d1f1ca861fd95e479c8058f5aadf9a9eb,109196
d5839a93325d76df28288ea99c42e8928cf1003f,109196
e5532e6287eff5635d8272bde07a40997f11ef23,109961
8d579a72fa49842c2281365878422e92ee098507,109961
5a231ea4d903ce5814408546a6a91e0832677c1e,109961
8e18d508bb3aeba4dd0ce18c5316edc873ab813a,109961
efffca7c2a2971b06a8b8b788b4fd5de13016c59,109961
5d6e7c0ef847a72b9b000ae21e97ba65f6f154ea,109961
50b6ef7b44db206603259b127307d2f9480b2708,110150
5a001a341b5c0dd1772d954a8c250e69052866b7,110155
e4b0aa6583ca575e83850b41828e47d6c9db0798,110187
2f9f440c2fc8105e6beeb2f711e4acfdda46dcd5,110216
527b04e0a045f60cb84ae2f372a84f230ec7a791,109653
09d988e023d08ae39465f5d5cd930146708370dc,109653
9915040cdbacecbb55821e30e95a36834b659e51,106110
47d31faa401c873460a57bc8b41527f23f65d0a3,106110
f5628cb1482bac881b455a3b00891558e3042037,106110
1ebe3a53db6db786d32918da426db84f2ca3e4ab,109854
38906f701a2f2f043dcf00ab3c901d8686865c39,109854
81afdc45d72df1b41aac607be3c19f624ce4e870,109854
c36f6fe417c020844e342e9a47d87be0b937c86b,110086
0d37fbfab8f40d8f869139afb5222eb188c42f4f,110137
b29532b48cc1ab7530bdaa14de68b5b437818b06,110137
a76d79288bd4a45a154a7d5772ee90bcbb4aa9d6,110137
0983c81626613e8efa340812857b6054d17131ee,110510
28633b9f86ef0eace62e3b25773826438e454679,110295
78d782e365a47ee773db27324e94a3f6040d9a80,110040
ce01c7549d71b4f5e966572b62c537d6faf9c718,110040
84af42f4ae3b167d9822c9649167ba8d2f95b083,110040
cdfd2965ed5deed755c4dbc7e9bfd526809f6459,110040
2a4a8478c9f5b008fb4d2f174a6ba91e691fa202,110040
22847968bda8e52ec293bfb712407402281bf9e1,110040
7dd0a59e561001f159402e1270ab143baf70c40d,110040
688a626e40278e8e8e53e730776e4e8bac402cce,110040
f759749446c1cea1b2209c11c608fd67346686d5,110088
49825e90b25b8f752377a0c5cf3e8e138a8798bd,110088
0f9041e7d7057a6b16438692728eb2455720b8e1,110088
c9c85ed7d58e1d7629d82a65795b0e4c68895a4a,110088
3b395005d7469f78b5df529cc377e3998cf6e777,110339
1de537ab34e9ead9599a6ffdb303e9a08083522b,109870
7491f2c62d2a4c2cf6dbfb0d5acdad423e0b65ec,109891
dfdea9bad8d9b5b31c125e97fcffb549f2217caa,110416
b7c6bd9b86be3afc5a474a9577875a39c55c7100,109272
58bd7d476ba7759279e12ab0dc08e8050dd6423e,109272
f16a199b3f19d12bed2e55ab5fbd04e3f735bc26,109272
81f9ee62613c9d61ac0cc395857fd2a7e48fe604,109694
96be47bb2b39f62fecc2368506678df310e3586b,109694
669645bbd809d2b2ea0bf343126b5a986b697da3,109694
ababcc9526aba0fd68cf1f31b4f23f8d659a94c2,109694
90e90e0cbc2af7e7674ecac14657bdc29b150046,110351
2a7b1c60a786f7ea5e5901453a2a511e000ef5f9,110351
f5ae7737f1227777eabd530fc05a03eb728d1118,110351
b44119e28e2e2c81f7835c58112670b549047ff3,110351
66a137aeb5e119c3159ae1e8ea3563132bc24124,110351
18295e62aefec636e17c69f0293a1fb40a53f55e,110351
23ee3f8cbc4157145fa397bd2a4c16621db590e7,110351
c8e5352dcf4b27becf4041e81a5be65d9cd3dcf3,110351
3259ed1f82e78ab26707e4324933ff3fac7ea00e,110351
8263d4db8533ebc1c204a7ec5a4cada5941caf1b,110351
4b8de276c1977dacd08bb313c5bb9a45128aeddd,110351
110a2a7a120486e936f3fc8eeff68055a3764bd1,110351
a94eedce8144f09f6779a0dc0291db0da88c489a,110351
41a7ab4e0d266dacadd165bf1add0f8f46e3aa54,110351
375fd50141f0cab96def7d78deb2bea82530687e,105614
ff30cf8a3bd88a3f145a39b006f37c4e582a1ea0,109898
4f84e8b0f77f76977323e5951db525147a20491f,110559
1b3bdc4acbcb96f80c2d30f7cb66e88eac58df2a,110571
c1d151c97598f84b1817718aca2bbe4f7b37fb90,110571
f9cff17a1bce789a924f511a5752e4e50006ecf3,110571
4f3169bd8479f7de16720ca9cdb7a9f14ca71e28,110571
eb1f0dd11b0ed619c0f53da90a1b9c8f2bf4bcad,110571
a327e8bfbf08949ebdf0e004b9e57b101e3918ae,110587
fd114b530dc0f15730a0a5d1dfa263af98630ffc,110315
9d802bffb768ada34f22c98a8e35c4263aa62763,110315
314030c9ffeac318816e97fd144f13ae006efd8a,110315
995131b6c1bd56e82dccf825a2e7d2b4b9e21069,110315
91c258690155e9d617343a6c76ade05a9effc7b9,110315
d69bf2ceec49d9e58d732e7cefdfa343b63ddd92,110315
b22fa5d9c67de5044c88882ad58207126a3bdc20,110315
d0838179af68d61e3b49047fc81c7a163a14bd6e,110315
8c2a903829a0c1aa3d475b3f79992a25a6fe62e7,110621
9d8f2409eef114c71362fabcf832b587c3c0dfde,106690
50f4e51efbba986233329a9f951f7dc258c9a07b,110149
4b9bfa8efd15df5a55ab941639b47bb1ca90f68d,110149
f315d76d8424dc3282a839ea6817ba9cf133d9e1,110149
7798570a031d9f352173bf165f629a4853c7edd4,110149
3321f2900779ef1696d861b12b9d68d8b51a5b96,110149
603bd253ec67ad505502dcfa3608a3598b9b00f4,110149
cdf11cdcb1bc09eb1f90fa6306ed5d221c97a5b2,110691
e6d36ffba358a7820bc8f54548499888e1ac7988,110710
42a9efc1ea6b958afe139892a1ca9570e12ed925,110710
684aca047a5577156cf1d666ae286523928568d3,110710
8d1110e4466806111080659feeddecea68ef7134,110710
bae93e076e2b7c9dc6e21a15f13c8d41b35be82a,110710
e445e86642100162fc79b526062d7bc25532b864,110710
1b7ce6b546a1076991a0cff7cd775664b9b48b85,110710
9a684b5c314fb1d8670b01f7b6c4450a9353906c,110711
76d92d502b30218aaf11cbbe1be180a317627bb9,110711
60ba990cc95dda7e4f6ba88c40c719dbb3914e0e,109902
a250e024bd4a9e7b77d6d9f4375e8692bf6962c2,110613
18b85f7d060339ff5a2f12e72adb46fd4c7a90d3,110613
9cda39e08c242faa87ef17bf02c11ec1f2fdc1b8,110613
4c30188d6020adcec36d19d1954419a8f6afea90,110613
6455871bcfb15ac0270cd94c29f740659a50559b,110613
572b76130d814980b3316ee31361d27e17a952cb,110613
30cca0398fd9600913dc92b0ec6a2ca470ff1637,110613
b0c37c6dcef38b25aeb4e547413717a7bf59552c,110613
f27a632efffdf23bf9eee7f29d93ca37ddfdd4b8,110613
297bb684ee830a27d2c86a15901b97b9edd6db6a,110613
d441f331a83c80a5d544a1e3412254de5a96af0d,110613
7367ca6b8b96e2df67404fc27358d9c1ba6f0bc3,110613
fe36ed31e525e8f12937a8d43c0ef480813faeef,110613
78f078f9d82c4fe8f231fff60328f02a4ab2871a,110729
570ef09d0fc4cd374d4285a11cb8b74d6bd833aa,110735
728e8d35f06c3fea2c996c3b300c8dc3fe866317,109792
01f0cea45d6fe11e085ae21de335a6f612a7f9e0,109792
6af7a9d6dcc9e599950007acc6b0023acb68349a,110390
2b20124485edf40ba8f8096ae7dbad257eee1dac,107668
16d30c48cc87d5309d5592196d25090c60493042,107668
582eeb134927309b2dd002f29855df16a4acb7ea,107668
4e7350447906a03b03c4f474ecd3eb509e4e10e1,107668
1b520dc97248c245473b57f02049bd70f7db3617,105299
a90d7c09fba7748c4d266edd0e6705085408abce,105299
115ea16dfa64b62028515ade0a986005c36dbc39,105299
27da93991afcacf32bc7efc1f7bd67d0f74b8209,105299
0eb4cb43bffdc1c11848074b5a2c83c4266656ad,110612
2a586030bf8e1712a5da113715a9f3127009879e,110848
f77be08d42ec903aa445cc20d221b64ff905ae87,110992
d34a8c5cf8f274a334d4d64b32c9de9ddb771817,110992
551aea8da176e06be3e5b7bcaf3869dcb4524bfa,110892
e9703ccd8460b5498bec9ee1119cd53ab8f697aa,109917
c05e59bd1f8326e7d4c6a22cf3c9f2d7da9e6672,110936
a3de885244725edf0c965d0b0988949963c82283,110940
fb234a24bc9cb9adc9f1ed472ed878fc94847e3b,110940
4d1715e47e09ab93376a1a1e46f6e71eeb1708cf,110940
de6f08e57c4c4f9a24dc538a08f5cf1ab9cab0d0,110940
5a90383263acb6bc2a9f5808452c83b7e5fdb60c,108261
d8cb02b11d80bb106c5527a1399af5c075ac77d8,109875
d6ce2e7178549db23790bc558cf2ed8ce63e7f40,109875
b0cda7f5e658d589f012d781d97e63d7e03d49c1,109875
106540afbd22087ad40b90f53fb22657754a719e,109875
9e9655027a7a5d0521a974a8c19c7359635534b5,109875
10f7dd7fb1d17c8a38484fef0b1a278cf7afcd68,110289
71b3e03a1c48d8a0bcfb436e5e547b8346336966,110289
b4366d684376910df60f5a3f8701daa77ba0aee4,110289
f7f1413facdf58255b1728d17d1a995cddd68114,110396
7ea932d6aea6f3820aefba29f5c8d3f24c5eb1ef,111004
aa31c8a69a1a136dd9827845ce6ab3892d9b44be,111004
77aa26d8b940f39778154f02563caf15d02efdac,110506
4835256a55b92a4b7d7f4dc5d3d8d69e5f656562,110623
dca09f5d7a8554905bdcdcb3b6152b9cf80bffb9,109721
54ec1bbd31c7d00612473467ae56be6d4d8ca9ea,109721
021ecb2538d5df5294bd5624619a3d6b28fb5de3,109721
7d936323da288e1a12c44ee1437390f57fd7fde9,109721
835a752e2b3b651584ed37e30cf15bd3d723b1ea,109721
d041ea4f9df24201b14113a0f5e19512052c0ccb,109721
945fbc3205c839cef4ad49c9fb668e89a0235eba,109721
cc212fbb0ef1743e49131720c038d6be4d15eb9e,109721
380f951c0825a61b59b093d82d40270d9175c6b4,109721
47fed2cd42ce2fc7631d1d8e8f7ddf6d2f39f6d6,109721
392cf0f7003c54003248515a89a495e116e557e8,109721
504da0830a74e1ba6d8f928d9c2ff5356e7fe9b8,109721
69aacf7f6b0b3dfa6951d291271008f6c30a8df9,109721
c2d0717c46977a0bb628bf8d134008c29f07889e,109721
7921693ef8cb75b1a0d28f9f183d86010ae5ca93,110949
be767266713989fb78ff96d9fbaa48a27dcdf9c9,108702
a9dfba93128fbd34059c8f4bda56563402e10e61,108702
96270c6d7d084f5117876e214406c074d05dea8a,108702
3e2831ac18b7d4738f79739a6fee7f17b6a94ad3,111075
7aec7f2bde4bec524846172d2af8f126f3b450b4,111075
302a1583498dddd2b9689cfb55c79cff5c8f42e3,111156
633252d9fbbf480a0c320cc9418b92a15938d3b5,111159
cfb7d42feb945004c1442e00d63deeeee7bb9113,111159
bc120401e555c88cb6c54ef820df3277ce225458,111159
054932f1672fae57958d6713b19a984054bad996,111183
52da13e0ea220115eb085dd0b8d12c2b1e9c5efb,111080
39939588edd9ef21ef6b706f5946594f4e7ad125,111225
c516cb7c14f8b0537811764daa94bedc50c230f3,111243
bc38b37561700df0f2f0ae62c4e729b15c1c759f,111478
e16042a884dd7f80a2ff5dc3b8b346562969aa0e,110556
465e29105dbc16816bb688791752dcceae3fd4e4,110556
4c9048e070ed3c483ab793778c4b277ae3b062a9,110556
518ef8a33e87b5243ea4acaf1d42877c651dc060,110556
81f8b40cc263cfd07276363d77af201695079706,110556
6b58b6e8e56831621214f3dd9d81082fd7c906f3,110556
373e98b3d42cee951f58421ce389cf2033e3f5b1,110556
05e4df0b7e57e4718a2c73bb0654b92d818a7ba2,110556
b08fa5dbc6707c3498c2ec1121a81f403323853b,110556
d54848025f029adcc0283328764e9e0f61ab9059,110556
fdd5b5a58ab346e377b43fd92c4b8bc2b381ad52,110556
d6ff4aef0320c135bbb2a12b3f928e2883e5355c,110556
cc090a5c6638d3b81280d686ebe44e90669f08cc,110556
25d469dd693b05cc8c77e0f9b3e741e62307a989,110556
1c985082ae62557ad1b2999e5d83f17c72fd9096,110556
cf285ee967f2c45f3b34d5b4fbdcf1b3689993ba,110556
3d922f8006f992d1e21e10c8632a87b86c51e68f,110556
4f4e34e38abd0f4df4dc28cac8830b0bcccbdf09,110556
9c4c208ce7ac7ec60cbb449bfadfb2cadff820a7,110556
b4b4709c189eed595597073629e43f7e43141c12,110556
a741c7300cb453fb70453a53940b55bf1e725498,111172
73f99efcf9c2d2a2eb8ba44b832883388ea61970,111172
7d15cf409bd4a4e8340940a2d3b9ecd5b8fe0b10,111245
30dabd4c2f2e3641732c00111cd80b5c524c0136,111271
1bbb7aefa69eaedc22281ce33aa7a2d5089d5a0e,111272
fc726f5380bfd06ffbc70d2aaa7c31cd5b56a996,111273
15e838c739be637bf23fd56a5c26f2b32079551b,111275
207c8918ac8c94bf8afc73ef9f32c54c95f6ce65,111288
6c7094aafd39abc7c7ca38470fc86b33e244e6fe,111209
7889409717fe56a35e952942657048d9703b782a,111209
71f528c5ec7b34a908f6a377d6c67914c3fdfd8b,111209
c1f5e5be668234dfcee2757dc1bbc1a076d07422,111209
01479c20b110ebbb6ca09f13b1b1ad4aa45abe40,111209
fbb50997bb7f43bdb1215ed10c2d092ac84006b4,111209
b09de8e4ab82f519df93019c513f57c3b8726712,110179
3311886c77acd02c0aeabebfa6cf2d38c6cb2629,110179
1f7db2e33a36cfd2f3b13d0cd7decfab3619e478,110179
77a490b39563e00e601e02d13aa82f3b8803b835,110179
11ed9363bbd295d11178ce15754e8a4d1aa4cb22,110179
7bf5064d4653e3a682ba7a320bee6fbf1b241b03,110179
e04481e3c3fd91dbd37ee812aa4fcbd1659910c4,110179
e1077c1162cf1cb5d056ef240792803c17a667d7,110179
8f121cf069e7ab87ef4eb7d438b318f9c4a8c20b,110179
83d1ac6781c83e72110cf527d21b8ffa1d5da029,110179
3a077fca9118c97f05c90a74694c827f657b562b,110785
bb46f8daabfbdf6ca27fda2c962a64b0dc66dca8,110785
7a7a95244a10acbce50be1fd96198abcef2fec38,110785
67c6eb750e0f323ecf4de65a1048b9127d31eece,110785
80caac91dbd5a1f4bb072c9937869fc9f58489db,111305
731bcf72c769b06f5025a30ebc8dad4ff8a870bb,111311
4b262b521a6ef2250f55b3dc30c12c4b6326bf5a,111311
d6359d4b0e855293f49554edbc7c6a8de10c55e2,111311
2060dde68211f8035eb258fa89256ad5fe967596,111311
e69b6b17d25683945c42ebe9ad6b33b416bf3d97,111311
1069b6822ac90da2b9e6dc8a5bbe3873e9f92818,111222
cff2d759f1ecfd17dd1d61dedd3daa9f31274933,111094
6b915147bd6ff24b98fcd295328cd9493cba2b51,107370
75e0a2f7b104fccc5591416b7788cc3d7cea8f34,107370
06e5814c83e0b3d32feaae1d9e9feb3c71497a61,111137
47a9a345ebf156381a6309a1277a05bed0f1556c,111137
c08310b708f8559d5a6464eefd0554149a358acd,111137
92094ede074618e734ef35c84bb02f23877cd74e,108979
e27ed412d5b469649e0ca230ee512e1bbc105e00,111362
1baf923d43464fd5a80709d5b091f1573111b6da,111362
828881a364591eb19efe8d66bbe118a6c662a084,111391
8eb1ce1979085e8855ae7e121df73e5fc4e1f131,111395
0b3b73e034d251a16d0fe6b3ed7f0b8d91010d4b,111395
8cdc2c8c4cd31aec0f04e224edd914f2b2d4d266,111399
af6f4e313fe0b23ed0d94bd5c9673da74a31e64c,111399
de58f7dd8691699eab9f30a5dfbf8e2c3ed6562f,111399
b4a2ad9c1f7416199fc4c3a3f7dc0d269cc5975a,111399
d16d18b34f10d994834f9ecf3ddac1740cf21059,111436
13d1b5c8c1aa8a02369c497cbace2849ab9895fe,111453
98a584f040bf4d6ea51f514a0e020721e06d75e4,111466
4b75e600eb6a554f7e945f625ba214bebc85b366,111459
7ece2c28b0caf07ccc425a18192ba95fe813785f,111497
589eadc74efaaade104d27497027006c9a1ba013,111497
344b0dca32759a9f42cc8da39820242bd2ac1db3,111497
f20c8f37d1721c31e3f38cfffa27dd9ce66c9ee8,111531
32e0ab566c6ce6e9fe28e5eed901ce19c21f92b5,111400
3d3e110d8f2f4a5b23f860f740cdddae2538b8e6,110944
13a21bbe116c152d18bf0709c6ffa86333751a36,111529
2d8b1b11332a87a878c89ece8895163c0b510582,111710
a264bf5e306ddde0b2a4c269b1e38d7036a4eb33,111737
96e06d3a6a06408da8cfc9c15a2ba3777b22138b,111573
1ff7ddc1102c62dabe8c9e11d537691acc574312,109903
5935e033ccc4d13543a2d15670be35f9f8db8e6b,109903
cb60c3021352f92eb56fcbab39e7d0c29d21516d,109903
8ff55c64779d2879ff57237e99da6e5c759842ef,111055
fb0adb264de2264e886e8adc27519c0378f29964,111506
fe5781eb97475847214a24cc2a20b0f5ad53dabf,111005
7868d02c8553aff84ab3835f9fa8c08d7e5552cd,111448
6543642188987211e5e7cef655be6361cb814ffd,111448
6f3856b3885aac7de9177c216352193065b275d5,111448
065bbc25fca0eb040350a2be8357b817666ae752,111448
70aea76c8b6793d2bba70f6082dd435e34acaaef,111448
98edbfeff529ab233e7160b1e5cefde105dd5017,111448
52c5a6167ce05171cbfc45330138f4b7c97657db,111448
0d0e49a59fc2998a4ca2e4948eaf642179d2f3b9,111448
a01b3ed31e7f84d3f9ca13ed0fe6f2a308748f64,111448
558f4724a9f5bac534b3173dc29f126c0b651adb,111448
b3d79f4ec24b9da3e7f9b42e5762f57841f8de12,111448
8d9ee179f2406550f25539b2ba3b1a32274b7174,111448
00b908bef3a4de85e2cde5e283df3c067500c7c8,111448
90dd763e54846c8ea0e54c58fe8103598927192c,111448
8b293b3b7abb0d9c4c0aebe37d379fe7e8b63530,111448
547f09137b36ce526719ef44962b15a18948de3d,111448
84941f540ae223da910111e8f3114e319752765a,111448
a42aed7f52adefc3ea1a743c0b55033ba831186b,111448
dfdb7e433c46a03fb3fb4d918e946c6242c2e68b,111448
0f743112b81da9f1a628695b97d50cc01e02ec07,111448
51dcdc32e0c87c68e2ad55a2493b0ed4fc786eb5,111448
e983a1f37df86c3877e42f6fd047500b041ea130,111448
ea2ff05628fae584519ccaac952e705613975dd3,111448
7fce719a51eef85686e8a236503b003f47d8a9e1,111617
b37f5e667ad64af4ae96e7191e9f2761831f8fba,111551
a670855123ba8f254c4fc32bb20a56a75da629aa,111551
b756ee2abd95a7f82905a4ddfa91da67a0a3c52f,111551
c7912b4448bac5600779bb70f855d50e2fd471c8,111551
bf56b686a9c1f3e48aa6bbecbe1a308afbaf1422,111551
c1511b206d1a4617fcd064b67e2deef59792d9de,111609
9a5b588da91525d24b2887953ca41de5d5a04af8,111609
3de9c909703d7bcd69e2771cde2155fefb2f6747,111609
ad9170f7841b10d54838c33494f25bbd35a3171d,111609
76c9ad9618eca8a4780b0fc74acc9290f60b7444,110751
5ccffd3fdf043c53320b89832cdbd41421c01952,110751
80cec6f7882547e803165393d1a790971f660332,110751
b36095da7d084ff94bcad388a14a443f260924de,110751
2c3fa455508d054bd972bb0e4e39c83167ddfb7d,110751
f947abc9e60f5da7e6c3052db0ebacaa6cb6d1e1,110751
74b71328a8fbd8b6b64803dc4b6f75edcfce3dc2,110751
2c62a39bc8a38c7b4c65448d7b8e83ba3803a481,110751
1133fccd6bf870aab44946c3a695695c79a7527d,111640
50acd3412dafd5305aa1d7d1ae7d7003119c1b34,109073
8bc1cd03346a8b419bd8fcd02e009815805f4161,109270
52d4ea522279bc5c6c30d9196b14280a3eafc952,109270
dcd19a7bdde6a5c37568d0311975f0c955656c0f,109270
56b1c45f0c8aea8af0a7d2a4bf2105aba68b3338,109270
1f4cb5dcf24963a2a58f7514e109379e937d1333,109270
a3040f8cca9d68f5c3a3eb2afa65eb27a4f3ac80,109270
e8cfa0671efb0e0c51dbc300b403773435bcde3d,109270
0fc725110ab503ae287ea840d75687a4a5475b83,109270
63d9258505e2a9d9953e04d7516928d2d8f64eb2,111722
77c92099275467a8e72340097a005dea522f451b,111726
6d5dbec39a8c9406975761338172694f1684ae97,111735
0f7b0ba0f1044954aa39bf848725e09553d1a23e,111735
69824a8eb42c4057d6b146dafd71579fe6426b4b,111735
a4a12a04fe821fe8f761fc62877c9ad6d04e6a7c,111735
c1eeea037d3f1bc0ea0601a0f22b89b13820badc,108167
8e4c9bf9ba8a84827ca0f82cdd337efc97a7a45a,111632
451007e720c99ae04c501419c16389e6258f2f38,111173
f348f5a2d589b31f09580f255fbd1d18c0534c86,111173
b1add060acbc82ff43df3f88aa4d83f03775c708,111173
fe47dbca080957c425383cc1d5bdc7d48a41d4a5,111289
d98dacee24ad10c972d3b7281c9009d82ed351c9,111289
e84eb101c2bdfe27dd50600822029730eee8a8f6,111458
60776737460ce6d89aa6055daf8d8795f770bfc7,111773
4d8a9eb1448061ccee557ef20a2a58aec91d9cad,111242
26c4ab419fc13f0e8cdd64b1095949a65e7803ef,111242
284b49a033ce378fb4f85123fe13d569cd4c8173,111329
2ecdef54938a35c4c3134ca308fa29868a7d8d25,108165
5e42b947d1a6dfc1c36c089b08ff5aa33cf85870,111235
5508c917babb7d5ac768daabeadde74d14690172,111696
aa91c645f5c4e66970422a2a7e98ce1c355153a4,111696
5d8eec009ed02e6d5e8dcac0a2690c9fd90ed8de,111696
50057bd8a8dd2933b0551f1d619b05a11ca5ad86,111854
c1865c4c64443a2bfdce5a45c8c98dc4fef757d4,111854
e994b0507ac3601e5b88e007eda3bf51b10ac536,111813
c138fb2663ee3c8accfcee45e68dc24e019ac396,111813
58ae390a9c5fa7d5499c5bc9dd446ae858e0dbed,111813
c3eacb979fc17433c349833d78fde9a4e9aa4305,111813
3e91e683bbceed58cc68ed0ce56df5a51fbaabc3,111813
f8cff8c3ba5abf30a12f62e821eb40ca944c11be,111813
a7c96685a5a82bcaf41076ce49aa9b46121378e9,111813
d44ca6aa1b4c85b88fba73ae04ca518fdb047a6e,111813
d17c842f3c26ee5df365356cd21a10a7e68c27a7,111813
86d4611fb13f8735ce936f79586c1242d2c42a63,111813
b2134ed5be6851c749704bb1e595464738dfa1bd,111813
986cb4f7b0295e08f3c7241c0af221895cb71b66,111813
16e1b01befeea16e653e176d758a1f7373ab88db,111460
45a5e1b9cfde53cd87fa905f9e15083433a86020,111460
1f75e1e98abc5cee2ffd4887f85b922b77f66b1b,111460
b9649e2ae9f91a8548952633a479212eb7213344,111460
1a0abe4233c4546ff01d428d7e6a2efa3f46f274,111633
ed889e577bed35049dfd64f1acd7f8ea393358ec,111837
66bdd8cc32b12c8f0d91d433f83bfd1fd4af4359,111837
f82ab84fa6a3ae161759dafbedfcead86687c2f5,111841
a3b078938c09ef77254a81fec49166c583ce4b56,111839
0a78b04519e06453de591e337db766a307ac525e,111839
b6b73b317611970fab9885dc825436c53e5e0e57,111839
ace49c03d5f83b364cec523143cafe6f0d6a4e8f,111876
8d0dbf14bdf28b01c7eb41a748053cdc21ca2001,111876
44b5277de633a65aa7ab9290c369a6f437d878e0,111876
713a21df4ca41345ccb599f88088b62ccd623f48,111625
458bbd7a04e7e28f9abc377579598f22e12d9e90,111858
2a70d46ef77957bc9e925aaff1372199fe23ade8,111858
42b676b11d5986c6861af583170a61e4bec57808,111858
7d4280239d08ffc5b640e121c8bfb3a8e4435b95,111858
b724b73a158a4accead3737b54a086644404ab3b,111858
0c67e5d0acfa1348aee557e9c052868aee363693,111858
bb2a86c6e4fceee44f15ab0fe462ecf9a9fa55d2,111858
4c3c1cc3fad483a3375d6005610484c5952fecda,111858
37923771bda6b6a426e0242a3901ef117c0381af,111887
dc2933fa302518040540d1d8d88e83da749e29b7,111902
f82e45c6d375efe5a1796df254da5e43311c00ba,101479
a4aa8ea1efc978f0906b04096389584c956edd92,110885
8084c230c23b818c39858a895956d6a6ac0d3633,110885
4a861bf4eefbb2d77f42029b235654e12c70f8bf,110885
eba36f8ed63a055ed862ab2b4bb801b6dce07bb7,111968
545529b7bc829513f6643326e83b97d01e394912,111300
9ae5c44614d3c652735fa8643f499c60d558b927,111300
bcf5b73011e4b1d57b99bc023ab6d57ebb2605ce,111300
5cc99cda408edc4366a50b2501b3a3ef29ab6345,111300
7f30da6ee68579c32d02ad1f462941521ed12411,111300
5aab4cbf790715de976929ca08692bb66cd57665,111300
7d34cc6555e351533f19cddd639d9a3c4023b9df,111300
b341232dee24e5c57f88dd0b4caf64e9cb9b202c,111300
06fd5377fc1bc4702b19080e439d0ad00396583f,111300
82247cacd3a14a3e1972a6c93460d09e7f3a2bec,111300
01d9444c0b6a82f19fa4a7a13e62535e68359165,111300
ff1cc3df6cdf1f9013c7bc204cb84c25cb9e0ac4,111300
003928bd9b7723584bfcfde1a4fe816a6d7a7169,111300
764a670d218316cb6cb3c850011dd38f44cc1f06,111300
466d331e971178aa799c228791d2d6105da79802,111300
202e95f539408a6dd584920893b6d34b39a4f8c2,111300
e9e307b7620b43bb16a2acf38e700a4a31ecb8df,111969
54db343acc50c551751604b89aedc3ddf6bd5053,111969
0af8313b316f3fe329c88d88f7ec557e7e06b20d,111969
de98c3721a0e21ca269313997736f4f6193909ef,111969
3d578067652b12993bca13fb8e07dc45d062d4a5,111983
237309ea7c46ce85cedebf33dfea639aa2f5e2ca,111983
0d2d7ae32acaf60c0c926ab03ecf7dd0d8385154,111983
303242dc3a8db031c233a0e583f381a9b4c58a3d,109628
260c32ef9a89824bd25e17170e77aa4b98c84069,111043
87c520a55f0f0e7cd4adf8780166e45eaad6d81c,111043
6603c77a43720a822d5dac9e3f56c239b4d79ba7,111043
efa9d7ddf7b4feacbfb58ba6db74c18d99a7b6d4,111043
3dc794a272468519057dffcf0f52ab9f021ce96b,111043
646c59b6f0e20c70647215b742de67bf6f9eebcb,111548
2561b212922356ffac98daf517d3a992a83a26e1,111904
710645f96c35d3b1950d396a15e7f8086bbf77e4,112034
a9992bfb8b8e57bf47af3fe5bcc515cf5fce763f,112047
b982948f6d744eab0c4a569c9ec8ed6df5878816,111741
0dba58ca934d3cd1a203b1f4fbee3b981d243bb2,111741
4bfa037c3f9ef31ecabfd611b35aed35e12a86e2,111741
345c08272401114742c931b74302b5843c29ae98,111741
439c4c6b7d505879ccb1663c4bb302dabe2a92bd,112069
b28d7b7b42db55a833b831a2eead960a61e391b7,112069
f1837476d958ff814c40b633ce1c162d1a1463ad,112069
69af8d2fd597cd5e3a7da9e6784854d1ad034b7f,112069
2210c0dde37d3c333d245cdcc55c04f9cd4022f0,112069
382649a9628129c7707a246249a502f9006ee3c7,112072
fbdf1c24dd13e83d32120a34fcc96d824ed82daa,112072
83a39016d0b7c70a77af3d90b63b5004c41f6b5a,112076
d9768ab56e55e7e5140b0842796a599594b86099,112110
cc0c3b75f9d117d8f2d779fc79665c8083ca4da1,112110
7fa939db7563c0c881bb3c993a7939b003b3ede6,112118
5dc3763261b5ada41399ecf5db220c15824943cc,112118
c62c6224219f99317cd222d58bfdceb19f8721f1,112118
399f54b4e2a4e8b3914e94763e3f24199141be32,112118
ed815f9c9d3a04afd52a44f1926d855342c3a476,112159
5da91fc7d3038292dd1127d78cd477d22258104b,112159
4c4e4a8e76e99eb8dd7548bffd5f7c42974716fc,112160
c8187bef4bb2c963105336389beedbe0f08a4fc1,112161
8dc1066b26a6b5c45e8107827d025c2f09fc4285,112162
391341f8b896fa0a8b9b3a2442a98f1dc8add0a0,112162
b8f71fa3f71d57796e236aa0e644d22e2f7bb9b4,112162
f7fda6317cdc101af0044c369da472181e45f29d,112162
8a4860dba935c65b3c3226fa1c5e635099981f48,112162
206b4de6ae9d6d5aafa2ca4a85ab971efed93651,112162
a7c011fd32bebf07d0a0f63fd560fa538dc71eca,112162
123c041d6fd2fb8924cfe8e1a314e0709e2be295,112162
fe221c08ee31f669272c6eef7666b5f0eab92fab,112162
9af42edb46c2d2aa45aad2bf2de3297c71ee0ddb,112162
d89eb99aaa1cbed6f309797ce394f1f0b439ced3,112162
644756784f0d950900faeda78be2a9e73c1623b5,106664
eb761d6d29a03113eeb242519868ddc3cd0c2c58,110887
2f7dbfb2bd402666b230b246809ec2fc9d335af4,111331
58e95ad7af58c4391a7892c565e56804025a6949,111331
43140f1760f5f895fa425221772f9361ca90c9c8,111331
f9d699166349c7668f8bd84c0b79cfedfdaef8b2,111331
bd547473030ef5f03629c412ced43d01f922200e,111331
955a03a785847f1eed334e543f3a9c6decc7a95f,111331
6981946d291b46ad831d3a654e045fec968ff228,111331
0653de068e24cbef71ba0672857abc1835d000d4,111331
2fdb7976c5dd415a9e2da54f17a14c4c0dd03eb5,111331
b19c13b3f8a6e37b80a82316710d400095da3291,112223
edcf5fec0b1766118166d56271ff83b0de654d7d,112223
3099022a3cf2b7915dd4c4abe8cda4ccfdf61d24,112223
e9df6e1635d1e1a3eb4a8627d4fa169509cbf9a5,110947
7ce96f393c346fdeea22c3fe5b2a0101527e29fa,110947
dbc00c7a78501dd9f96bde3c14ec694ed8be1204,112021
ba38f4b94337cc2c2446277ac181bdb5fec8f2b2,112021
075fbcede81fa678e7f63871feebb821bc0efa95,112040
f751c1fca793f0ceb4aa903c6543f28d047ef959,112040
6af44dd8d536f3e9540693683e310d2fc23bc4f5,112040
9c530e7a84ea7d37918b53a19a0b627202504d9c,112040
96518e3544676d42111d81a01f9bc9613379376d,112040
133963e6d3ccbae4840be4c0a635fb450e1f4f18,112273
0a2d502f66888135bc8baba292e232b95706a984,112273
739bdb1e95643f5cd7b541c881e27b8834dec9d9,112292
0862795d72f498e66d496458007bdcf36892236b,112314
ac0b4593751833b29339555e61e6cdf8323de095,112319
932effedd63ed6a04848d1fb3dc7edb1f31cc7ed,111946
9d1082464e3bd7893184c3c80b8c36efe218accc,112081
fe25b96b11cafddb93e6885fbed059416c5d05ae,112182
446125b9d2937efb02ab88382993d875b29235b1,112182
48225ddafe887b51461a5905b8bb018d7439a497,112182
fad970444ccf04b10538ade63c9c1258597f5851,112182
ddecbe60961abb88bdbf2baab90437f3c183ae9d,112182
c3a4efa51d86b81615efe044eaf9d1c618779307,112234
4d2be0ed5c0a71903ec4d8758d0fffdda3a56a92,112487
ad526e44c86002e4b00e26c98d7fc0fd9ab6b82b,112487
9722f39203bad12a28f31787f1aa827962eb7ad0,112487
3cb2181b56b0df4c41d9ab0add37ff1e51a9a55f,112491
d158a74168e18b6acbbf82a8b5c160af8e632c0b,112493
2efaf8bc3d51f4e4fc8075c43a0d3505cfca0251,112493
3db6e5548af2b3d1f086c7a9c5e31fa54f7af1a0,112493
727c6ae543e6084487adc0f824007828553b24be,112493
8decc7672f141d45813063ed6a6c81cba112f4c8,112493
4abb6af0a62c85e017dad92e40e39a4d56dccf2b,112493
46d3a6c2b8f2bef8620fa6499b0962e50547cb9a,112493
a5191c40ef961c9f6fa351859bb319014434db82,112331
21a9723208d25f9a4982b28f8b303518bd8ff9f6,112343
cfb9ad7d7b2e2aea02483a70efd769076f7593fc,112343
ce9584adf799ae08f23a98b0c26ebe022c21ec66,112343
5967ceb85f00055644eafbec3fce232cdb886531,112343
ccf9f39e82544ae0f0c8209fcebd5a55cb68c3fc,109693
faa709fbc95846131914d8a26219aa3c5bb56ea3,109693
9aecc3eb082e20b63681555d568ce6749fad27fb,109693
edfce308d3c26619308f0ef0fe274d5de07ce79a,109693
055894beda92ed7d6a69a9d1e35624c550a32fa9,109693
9c25d37ea848ff9ba7074fcd28511e5bb78327ae,109693
c9c1d2e7fce54437a873a87e6e4b44c463b13c9e,109693
d40a16c09304cbcb8c7fb23b6f9de671bee21bd5,109693
bbf2167b7b51a35e5e4bf50ed74d37afb646c941,109693
500d027f045eb56e8a67dfd187a18e8242d42708,109693
ce28a5a5bfb59a8e064531ad9f6d2df3426bb4d8,112010
81b6bcff819be5387e85dfe9e36c652b1a8895a4,112010
e46fb33f449c0dc7d79e1f16ee71fe449850cb17,112010
27f6df15ea5ed0c5076e4061babd428586f146d6,112010
601eb3289a41fb3e4b8aa3c1d3c2c67ad87f6c9d,112010
456e8109d78d4ca29dfc8737c292d13d746fd0cf,112010
d55cf2ec1d75440af60cb39211b1479ad090e3d5,112010
19ece729c5274853492d71f2345788c413cf22f1,112010
fe025522fe6464263ccd874bdeb4451f2043e6d3,112071
de3dfa7da6265ff60f4edea2a8c60be2ce47b007,112071
3915199255a7be2a1ab7d298892a3d6e44931dae,112071
6aee90ba0570c1ccb748ffa600014ab8f50baef4,112323
405c2bd5ae18e3fc297d32a90b992ca45644c010,112346
afc85ebf8a4ae9166101e9920e5ba88acfe752d0,112360
b256d19b4c080d0ae1844bfb868c439298d6cf5b,112626
b58dcff114e96998038a3c62eaa4e33566bf087e,112626
953c0cc039b540961da038fec3a5e43eb44a1f9e,112626
c082e22f06ec187085578de413cc4786a90839f8,112413
05ca560d2d1bcdb7450bee307f82869fa226021d,112414
777ab585520e15a5d3ee9383ec939f4bf1ebff38,112415
c3eecedc44a8a3b31c29cece142abc45b17ce293,112446
ebcb31a705b427c45359b807fe027cbfd118eb90,110835
2eda24142ee7cf606fbd63f0068abf3ab601e5b4,110835
60a4f9b1d879aff5883490c20f22e87f4601c148,110835
b92e0554288a7b1931a5c790b4a4adca19e6bb04,110835
cf39ac83032303f57a61f435ed2dc5b360c3f442,110835
6f8a3d5a157bbdbb9993ca03600439f380b9bda9,110835
1a937c0ef6f6b5a69d080242d1fa3026206efb6c,110835
546170fec07abf118c367bf4e50dd3b1e3123274,110835
e9f2b538e4115a84488bfd332d805afe19e9ee3b,110835
ee4565d3aaa96161d056126ba896a9d42e0e5154,110835
03e6d060685937472197917c2ea5021c17906d52,110835
397cf517deb7c6d1d8354bb940cd7153e6f33140,110835
55c1d67ff385068b5b89f2cc663f84e4cb903e83,110835
b0ed3d7e320e6fccb8745babc7561fca30f58f2b,110835
4d34ddc0f72258c5a283ecf3089e41de8134e59b,111544
a39baa0137c5dd8439968c7b454b449b00f04df1,112312
8a201efcccb89ad1489ec6f8dec3a81e91e815ed,112312
8f891d2b769a545edae98cad676812391b9fb1ac,112514
42a92b1d57fdeb557ac00f9280e66ea8fda43da9,112706
a0c99e40884e1a5d4940226e9bc4f30e48d93b91,112706
be44f2a342ea2a921e921d14dbcee770466b3fce,112706
775cd522bdcab7f3cf5284ae1e3d740aa7c86e8e,112706
6ce3c14629174d48a83f7ac63fef5d6b0cac0d6e,112706
8e52139830664bdc6b8b583e24581c7ba621057b,112706
9fe5c40389b03d292cc919fd6de3717e0f37a164,112706
8d22d7a525bc8c078ac2b5cef4e4b61fc5d45ad7,112706
b2f625a928b0ee6bedc5fdb497e176f3cd65060a,112706
20f5612556880d93271d3e289353a13dce4ffe6e,112706
e5b778c6ee6c564dc179d9e2f7f5f9763b9d0df9,112706
461247f8c706e8ccca981660592f782856536feb,112706
0b7175315b9f22c7decafcdf9826a5cfd1b1af3d,112706
6a69fd243180a6fdb5ee4f421333040c705ed61d,112706
2a8cb709cfa3de9c4977e3aaf61792be5106d0d8,112706
c0b0ab90105fe19b5b2f5eef6759dfdc56d4c196,112706
d3c797cfdfa768d971c7b232b46f2c12ee248a26,112706
0392f099eb033b89ccc3242debc47a44c9ed2884,112706
405323879c9d8a0f17120cb08109e16d48034385,112706
6d2507a8588ee0d5cae8a81bc599d0aae9571cc3,112706
22ed5757000c696eea39a96d83db809102d6661a,112706
d1ecdea6cd71e3f8c22c15b081b5d26fd7c3a341,112706
746c49c6a32f17f3fd8cb0669cda3fd33cda2aee,112706
bd613e9511b38933da6224890777e61a0d5d4810,112706
0acf6b60f2b8b1bae006166082cd2564c43fea77,112706
8def7bb3ec46537e1e243f6741583559fe92bb16,112706
294b1fc858a0712d43a944e1bd07cca09d3850c9,112706
627b029acc9a171628ab7a0aecf707458fc2ad82,112706
46a0d22421963a4aad195f26eeaf504247f1ec82,112706
6bfd08a1cead913cdd946ce3038d89c724f452bf,112706
67dca329decaee8376e6f93474268fa36a264750,112706
0f665127478de1c6d22ad58378437264488612bf,112706
542d6f75637e013f0dd0770883fcadf9b05c8d69,112706
cfbaeaecad6133ef8ed364adce39a49e43fbc0fa,112706
dae51d73523f89ca1ea5d096fca3c9627385f45b,112706
238cfc65e28f577ba51af5776384bfa09429597c,112706
e8f6253ce10699e782592cf743d219e637877f93,112706
a212804a551c31a6591c080f8dbcdf33e5604a8f,112706
1a48a7c7dbb1453bde2e49ccc2d1c358c78cf912,112706
aea65bd6eee8f4d3128adda7392c09a8b2372fb9,112706
645c5baea8808efab569cad5c9b38b43952619d4,112706
8734a779e70fc870194bab1ff11fd97870aa1b52,112706
a5d6ad68c76523ab79f610dcc6ab988d44e86386,112706
3613122ca3d2fe36cff6849edcb2a2545a0fe639,112706
eeb878562b973028b26c2dff406a08d1f59cbe68,112706
962c283fc5e6c5d0538c8d9bb088f3a698b68697,112706
0513f53de46438c3a0b5d0b836340d16536e07e9,112706
398b8439803a26efee70e109be569ba8d68d685d,112706
1fee313e6da8d3a38f230cf16ce4f74d5d981146,112706
037e6bc5c22bcd741917d42d0aaeccf18098a2dd,112706
d545b6217354275fb69ba4fe9e5217fb13e11131,112706
f93c5b99da05e61ea55697705b6d031d527a1a90,112706
5cf084c834a376cdc48418a5da0121a0255416b0,112706
e7af958e8c66f27ff9d3ca6cf76234b77577bdc7,112706
d9187a4c728d74685f46d497aacdb8789320e52d,112706
a85d354637ab3822f5337a4e40bf86bc96531a82,112706
b6ca30c13936e9a59ecd86c8ffd72d73fbdea86f,112706
d05b82cf9bb896f48693455a0cd1f4c9f8f6250d,112706
4c20f76706c80441a2e1597e355f19dbe63df113,112706
8f94e259379d3d8933bcf19279c8f6b7fee6502a,112510
8dc8db50e17524bf9902f546f541e73cb3a3c203,112510
38dbcc4b6dfbe350442efaa357b7c36101e14439,112510
3cb262444e7943c655eb691e455df25fc11eca1d,112510
3346e957595590563acf45762789216504a524cb,112510
01788ecef1d4640a6e57104107d405766fad6bdd,112510
07e9d672c247ba10d80205b0af28dc2bf5e1a816,112510
03eb7e7fd0e0757e83e5c01590a8b707e3db4acd,112510
55caf1210900392ea9effbced462c06f2db2d7fb,112510
5b6e29f266d6f9f98ee46f929b5e12e9c336a209,112510
35065a09fe3f33c42d4f77c6a16bb95cfdcb10b7,112510
83a3717fdf5eb824d810833eef37e3eb0c73ca91,112510
410a728e9378a887f9d74c914feb7b1df7298871,112510
e7f0855394e29e1600636cb5aaf0d5a5cac24608,112510
ad523fb4d39f924e23c8fbb6a6ad696c8870cc60,112510
b0ecbbca44991c1565ee1d5526675c63b2205829,112510
47c833eb33356946920b716b5319f81296b9b594,112510
a09849f9ebde0509f52b9fdc4c28a71f09be78c2,112510
288b806a8f0ffeaedcfcecc5eea73b57eba5ccd1,112510
a01af7e719e6759d1a48f313503f4190d7a906f9,112510
1f326239df3bcb13d80d712b3a69e11cdba8f649,112510
9a0bb7d1b6f0a27eadc886c951c3a2609c4c94c4,112510
377e9d94cd97375645b194b63b254498c168f1be,112510
a21de382ef5a0071d88e73a6afb2f7b940433678,112510
4bcc8c004c40552a6bf5151ba0044355d2cbb0ec,112510
b36f69386b40ced9038f93d21850fd315e275e98,112510
d4bd2275621fcef4024c8a64b57d40180699aac9,112510
952ba4e9d757fe6e4a3d7f19c6adaaba59aa4450,112510
b4035af9740c4f231e1e06d0b56b0fecb2af9b73,112510
a07f59c5690cf486a52e4a3835511cfa785208d2,112510
742bf1e525f6079f6d940abfddf3f9af31fa1d19,112510
818ea095a7e8f66ae68c6923a4cdfc7f0b6b86e6,112510
52a2b43b4dc34d00bd2777239f00fefb915776f0,112510
82af5c53aa609bcd6e451aa032689de29650f83b,112510
4cb75d4cc2b545f928edc59233033539e376dfa3,112510
c2c6779f81b45ed2b46723541436bd0b6364666e,112510
b01684f04600face3cc41691ca4609152816c302,112510
aa8024c96773ce00c9ab83f852264d46aecae67a,112510
33ef75a82d3da0dd298d47e875b7d39aeb04c9a1,112510
58c9503b778a971fb2e791a6c05c9231eaf6a50b,112510
61d5d2e8fdc870a04f354232dc67c1b894acaf99,112510
2989541ed8016b47bb9780c9dab1e3b9da2a5fd2,112510
78a0ef1232c23c37a50f937dcad35e083e39d631,112510
6d38ac0dc3f31596a5c7f5fca399f2aaf5631d01,112510
6d5639226079ee9d32048c6da0e900b3f73516f5,112510
3a9bc499cdaf95812ac61eefb187f510a11c825e,112510
61895ee71215f4bc400e4d2d41fdaa3fee367c35,112510
c9971a17149920fac406ddc450e54ff773d2d251,112510
3d3b53ee1496a90ce22b401a13a3fdcad7c4c280,112510
e9a8850ebaf8176f9be75195de30a3b5301f45c3,112510
025254f8c0c07c41f63bfd34ff8ec6f8dba4cd44,112510
46921e6efd30be466ffda10bb96e531b5ed7d0d0,112510
d37a1a870464b71ed4b5e2709a95ae04be60faa4,112510
5bfda08ecdfd56b79effaa5b843caccd2722799a,112510
4721a68ea8bf9fb7adaae2bb5c4556fac47f2a3c,112510
7e6ed824f0a698413f30f0709c76fd09532d0e58,112510
73f99a855d5fe0817f1790bb20b2595a8a3dc115,112510
448b94e7983fc2b90c54bc2c26b22e955fd69551,112510
bc7eac95d3ef3a2384a7ee4019919ffe1f66ac48,112510
05fa44425dff399b761c92b0f78b7f35750fc5db,112510
86ea96211dcdd10e13d2d795043574c6ed5068ce,112510
09607b32af19bf30bed3fe1153505138fbf28412,112510
4394670ed52e333f1b6b3ef4298186160372bcb5,112645
ce7613c9c312ad2fd863b76d0acdc1eb1f350c5d,112645
4ebb0a42f0ea56a3b7271e098a38183fca321224,112645
e4873de75de186d551d8a67612f6205576fef1b5,112645
1d577f2e893c3cfa29d356a9c32a46278994a052,112645
3dee7f64631ed92adae4d23266674fe5e43ea4cb,112645
77527fddfb75ba8ad728fc94f370ca5e4bb3bf05,112645
48e5e2a65c1062b91b72a3e98e92ee5583d1bf04,112645
0d703aff6dae7ed879512e522cd21c2220953721,112645
abf42a1ac6552d0f497538f76f0b17cd86735736,112645
9d191369832d9389d7c0cd2f7e8dc9ad64f28304,112645
20a17474040e13d723ea53d56b286dddadc7b615,112645
31c4d42aaf31e614a1bb5f1668a3a2e6c5828a73,112645
3167f85b94208e46803bf3e120edbc62aedb49cd,112645
66f9bcb3682841b00d837e8cbf492a8f918e46d3,112645
4407afee3d3778e46159c7bc4f1302106dbb439a,112645
86ecd7f546d7c599afbffdea4f38301d96003d40,112645
28ea9db46ff646784ef1781cf122c5a4ce05a91f,112645
bc1f0f75d123d458e9ec222d9d760457782c8f7d,112645
2624e77b2d6984de02c6554133e4b581f9adbd3f,112645
24f5bf4f356ad76a008ac12bd4bc5bb50a468c91,112645
05ec4f325f4392535a77dd6a4cd9804251ec2910,112645
30ab16288c9cbe10739f8b2c6e7277e2a58da9c2,112645
8d739fca61a2b165dc1b2d0e0678aa46d9714dfb,112645
6c3dd00353c3cc471bd5b3388df66ee76f792f1a,112645
ed719735554fbd2ef54c5aef9d8cd6e3945ff060,112645
358e93d9f7c729434761b89c2912a1c4cc67a901,112645
fdaa8da2d58db91bf513f512c0ff1f3c5c9c6132,112645
e6c253db320b1dd133e52f17e37cabc1ff70926f,112645
d024b3b2677470e361662d4f72e47d034e57831c,112645
080e59a596e58021c0e10637252eed4ce72e969a,112645
f116f8176b00b156dd846f6d43c30e78140283cc,112645
01087507750b89de20e86be2b729fb02a06460d7,112645
08fd362e6ad57e77fd97ac456524d83338232f5a,112645
0842a8f349822310523d12bc92a51f15dd7f5e06,112645
b9b8998897382742351a8362e8dee65b44b386ed,112645
66d2cf902e25b3bbfac9fe9a2fbd5b2c5c2b9c5a,112645
eed404f7adfff86053c518f087eed968c94f4f9f,112645
210aba54d38dde70cb6b23de525cb19cae676714,112645
98d4d41b0dcb8735879600583e03a6a26768e56e,112645
4987496996b66f9b651a2753bcb06407a35d9ab2,112645
dc6a6401e720b15ab8d9e3be463e196c55350fed,112645
2c68869b3aae0ca42a7c681d974b04cfa74b4da3,112645
9a717169ecdbe5b1e58b2fa5e855fba6ce03008d,112645
d4fb8097030e33d9308f2c775e3281052007124e,112645
7709d6234fc739ba790beb0787480b0bc11eca7e,112645
7096ea829ae0d8fc67d9888077ede678ca4cfe7c,112645
9b3b7f35e72a770aa8f69416f3e34a3c9a911601,112645
6953f894a362dfeb9cfafcab73b8d31f5e617897,112645
a4e8a3d75bd81d786c7cacd403713fd6408d4f6e,112645
eac0da64a20e65ca6115ac866591ff4799361a8e,112645
ef94f55856b4c7012ea9267d83ae3dfa7b46b50e,112645
9a319f7bdef891abdf0c84e94823c4e0f390eb0b,112645
308925ebccd90e882d898c7d8f592849148f2788,112645
725558c2488379ae008c2f75856ea656dccc831f,112645
5f1d48457d0b70cb4733ace7e3e87628fdc34ff2,112645
f0c853a93632d575b68d439c782d84cd8f91b4b1,112645
be0fcb4ca34b27cfb4a02f0fb701a86327ced906,112645
e6176b09f0ec33d187b888cd945762187b47296f,112645
85843c6a9cf6e9dfc9b5cf97512119e824cd7be2,112645
aac4ba11c4f479acb7c03951ba413ba0ec6ed073,112645
6e31272602c3f52d7510c2a3786e83a21fa2a752,112645
45363ea21638c77527142908a2448015b4a2f9df,112645
ffc053f8f7cc7de03d926f9afc81dc939684edc1,112645
5b666167bc3054b1b082c948b548fe2f60bc4eea,112645
97f94e4c87d3c41af7a5991ba9f685a672d54c6e,112645
123d556f2a8c953d7b4e6fffb9a8a386eb4079af,112645
d332db909e319f000e7e92c29f16fd310ee139d0,112645
4edef84c613cce5d06d52a035ec16dc5e4671f89,112645
9f57cf5e5ff2f3cfdf324e7db3eb625d1386c302,112522
df75afd6ae66175c09f8283767803a929ac98cf1,112522
ddb1f47367fb694141ca4f6c413fbf9219db7f7c,112522
032e50fb91a2ddf93df189d1908f3e3a6ab05a70,112522
16b96f00390da710e79df075abae1b8406cee195,112522
1b37d8d2c3fdec1d9d75d7f8ecc0c5740ca58525,112522
05bb5b6690c4eb5955c866dc41fc0d0aa56c7058,112522
6de1529ecbb5a66f8533868ba7f01931d24c054a,112522
7b5ff797a71b4bc62ebd9b06ddd1cf575628f530,112522
96b96231e8c5dea1715daba0c410e1b0c1129a79,112522
b89019bab2faf315bfa59548f8294a5142ce4523,112522
023d69cc86fd0cf2d83e1c4816848e3291094d8b,112522
0ff96c2f633e57ff09dbbd848ebab7dae98b3cf1,112522
54b04659518e44dd256c23e91d816d206c00acbd,112522
419837322a8668ff95fbd8733c6bf2382ba845ac,112522
3b1f639339501b4cabfa3a9b3401a4639e93d727,112522
0e31c217eb3fe5305305c588e484016fa84ffd35,112522
2a1f7487713d3ceca657c2c6843eaba02cd86268,112522
8185f9e7d6014559ecdc9e4cd7325b7b0e2821b2,112522
e609ba1a9db99db35226ee79f9870e0e9f3c8a1b,112522
ff6c8bb73f1059760cfa73a06bf5ec99bf16a640,112522
2f560685b9e760d732408c31ac0f12b5eb894319,112522
70bd859082a5e0f3f60822cd46341d2c25012e0b,112522
1f04baf3ddb513887f808fce2a749d7fb8d9a179,112522
6becc08a385b158c2595701fe0a8bd738c982385,112522
69b1644352eee3e9bfaf13d3a78fec4ed282a387,112522
7760bf8d35fce84865fced1577128bf714cabab3,112522
744d16e9da4ebd37b1ad2cc7d4b6b3a3b010c801,112522
2145b96a728c60d06b937490eb5846f59beb5530,112522
40cc0d9ebe3cd2e0e5855719c20052af73c73e7e,112522
46a63fe259b13fe4d1aea17651c892ec2c65294f,112522
06d55e51ad190040f24194a3de4ed52558770280,112522
234588ca8b9177975d268d28b7d4aa61caffca4c,112522
56ffc605c9d5309915d72c88b994ef4a55c77e95,112522
b18b75f8dbf979c1a4e0fe6c9ef42b94d8d65446,112522
fedcb8b819f839d97600f922c4171c42a9406040,112522
40b1d960f80e29d87999c941d3b61de1a8e3e719,112522
ff31022f1e4b3908681594dc18a6d7e6e6a86964,112522
7f1335bb547c89d5687aea5afc33f7e6cb32385a,112522
58dc840d4ba5a6ff30ebdc63c1b107670212a509,112522
a9a7d97d4557a1c2c81e6393769923c325d4028b,112522
e8ba4564dd96ffc4c238514208ce9f4304bb1a60,112522
fc3a0755e6e6bd745e58a987ede454b85d68d6e4,112522
84c8a9989beb902b95e23e7d9efee561f76aaf52,112522
f7117ae4e34bd9956b1edf9911f9f7e7fc124b2d,112522
b63491aed0fdafa3e8342406779398b00e402a00,112522
a031b8424ff0773372a85a54a47bd433215935d5,112522
d528ae9ebb50935af3fdeb45c5738adbc0964e4d,112522
0ba00f28b7b27a184533a8e96de0632b7f39d1e1,112522
e1b0b2ef26197d89649ffb3ee030b9c05c28f3ab,112522
be57b8bb49cecbfd964bcd236c413cdf99c9cc61,112522
2c5b75d4adeab3a4a59f951894a5143f0b4457d0,112522
58405841c95fd5fb6ca7415ecc14c0e79c38eae1,112522
fe7910aa3ee9748945b92acf2ad2b0103acb3f3e,112522
944419e6a43b135f7637915c3eb4cc2308d2fc27,112522
c4b802f8df439821e0e62f64da85191ddecfcd71,112522
15abbf9de384d31edeff9d28b80ec9e4226d8e96,112522
722f29fbb2b0c3c2ff3edef723df88da30a23018,112522
b7c712de52afc45066ca3c66ad69390ea8eb8883,112522
2255aa3cc7420f8320b5ef90cf0ff4a176760e6b,112522
063551fe739f71d02594370e8123ed75e07736c6,112522
72dbf7de7f8020461f4ba247de18c5dddbedf9bc,112522
1466add5eac3694bcb474bdfc76160b1df520542,112522
8f3e006af71e7ccd06e7d8beb6dba259c31bc8c7,112522
83309ae32d75a27bfefa831e19fe0e747a00c035,112522
b5bd1bd229c5d1fbd884bedbe4d60a706f1fa805,110894
408a39b5b531902b41e7c2b800f561a14ba9db78,110894
aaab677cb2c6b00be9e113e63e507e377adfbbe3,110894
b2f233ed6a9a299b537fd67e69c1353775324b9d,110894
c08d7d18f8c882d5f72e9a65f971eed19dd704e2,110894
d67bb4516a6cea31130b33956274d4a5e3691bcd,112755
bf89a15213a91c770c31cfb4394dddd8c1a65fa8,112755
6b1c1767cacee0fd7e9fb3baca55bd52fb94722b,112720
91a816de14d7aa86bec68eedc01649ab569cca65,112720
8380d6cbd024bd6e3fa4a1a1c7eb0f415c443a5c,112720
f518dd60dc5feba049122e08873e91c11d8d547d,112720
4d5e7a9e8736d9e8b5e7adf792dc51493929c37d,112720
adb51af391d894af43e37813acc28cc2f361d9a8,112483
2c47d45300876cbe106c1ea8c39e4c086026ce0a,112580
f982e7aaa7be72a59c5995139441bb7cc3d1ed8e,111974
ed209c08478ac4e885f434cf4930f45a53b994a0,111974
6f3818c9551482e77f3650f0a3e0bf75336cc006,111974
637fe341d2b3037603556a847288c6170f435ebb,112595
8b2edb7403033fbfc514deff32024296499dd69e,112595
124253600e37125fc52014c3aa2d093ab63fe00a,112595
2952a33e60545ea2bd3c5eaaf7d99f4b5be7f32f,112504
a2a975ad9504e7fd1ffdf5e2cb3ce149ec8b3318,112504
91b517fda5c1b9db818a98bd5c8a20ee24137485,112610
77259855ceceb31e9c097549c734c69570fd7d49,112322
5289f97277077134939b16adc9dd92de8a54972f,112322
d83fc2333c719b26b4be31a01cd48e01758e7eba,112322
42774d15f6e987479a20860e3af8fd00476e480f,112322
f67cf64955c1fa4b5a852c83527156cdac53c482,112322
5318ea5e883b4f5c4df1b8490b7ffe9c59abad30,112322
0c2c5d70263e30c91dc080c607f619dc76c38eca,112322
c80184273b2120074fdde8b7bd9dfcfd94c4fdb8,112322
d3a484aeb5ee19e1a1f805ce20ebf2ec7d47f23b,112322
415ba5163bc9f220de2173f20a2e47bf880b39cc,112322
655247ef585e5bf6df23d654fa935897a86acf54,112322
9be7980ddcb2c0810fdb41c8a775e8607e7707b0,112322
6f268b69830741434a6acb7e723a71ccdf242e1d,112388
2d47a9b79ce627ec2b8c1e6f8c5e7db69ec4ed2f,112388
3a1d70f4509a9233d07e42a220ae01e7e8e8d929,112388
d78ced0f09710cc9645c969896c90b7a7c709192,112388
ff6841547c0462f3506f863ddb95c87e5220d166,112388
9a27e2e135af9656dd9133fe49851d141c6f994b,112388
1e265cf776328c4c97534fd9a59b1812a2179a15,112855
1f73be40cb7736b39489844f61c82ab4763c0f8d,112534
b45cef16db9599cde6df456ac24e9c44010401d0,112671
a4e9bcb561b3d255ebcb58ff9134c995e8f7db15,112643
95161472ebb0653a7e459277d3d7e4afac0b21b5,112688
4818ddf405999dda74ddabc3bacf7d19ae46c8e1,112844
ab9ead432e9c08b0b611b080d58acb02eb4d58f4,112847
1e3d2519e0cf01403003289718830fac399b0700,112958
1fd7e292080ac6cbf981fb98869903ed65cf2163,112757
fefc1e530724755f2c4850ca054d7db628f6053b,112400
06c6c3b439683f910feefba39c0fee37ca14a305,112400
d8804865a96e346c8b18abcb0c1e51949259459f,112400
7de13281df41db09e8e092398b69d607ceb618b8,112400
9da111b5d07621928415ad836a8c2c0807200631,112400
36a7f0a614d7953343b2395ab6eb761dc09be49a,112400
4a836fde70037a2aa1dbc605ea6343239fbcd46e,112400
79663eeb9103d9e611fdd83634a05e30827aa3cb,112776
40f9fa6222d60c421ba51d441fa7e0a3cca0a8bb,112804
c88da5db57443b1ff62ed2e4c49cd90e9a648b7e,112804
f4c996896bcc6d1d4f82fd8554443001e879f633,113016
51fbe5dcf0e4b154489fe73a81955e4df6a2a27e,113016
119765527b0ac88c36bef0cf8fa226111ae4337a,112201
7555bd3bf9ae92780f3d1e0dc92537e9e4f9fb27,112201
03dd39120d72bac30b868f29a4e511190045cb22,112201
5093575ef82286deaefa51aadf528bbf87f0353b,112201
f976dfbc05cf1d6902c8d8f9799cb81cf65f1841,112201
541ea15d4302cadc97aa226e4757ce62e8d39ed1,112201
fd451c283ddefb81af3d04cc3cfbb3ea3e72000e,112201
73c5554116fa09fd0cf62368ff2d8fe8e11ef034,112201
1b396d2a870e5613ee5fe8210c3f38ae1ffeab85,112201
4363b7c624fef9b9fc40d19c5d69a8fdd435c12b,112201
df2f4b06c6916e36b9fc1ef8e0c62812e6ba5c8c,112201
c447cc9cd5ac52f00997b180c17346726db4d7f3,110703
fbecaa1955eed85709b150a75872b086437a6179,110789
252470ddec1c682192d829cf3069c504f0574767,110789
d081a6c7da8b02dfba11b4c0d397cfe193d16e5b,111718
0b901cca591855078fe8d482f47fe22b90debe43,112495
16668f09c2215656ca075882e541408232c0a44b,112495
5c099911c1e3acc0831dab0d014e96a240e98953,112495
e0093c5ec51ac7f2ec3276bbb0032c02833c16cf,112495
467087f78362de5975936c6603a433823cd4b78a,112495
30f46ed4848f3e9bfb4ed88b23d327f51f3f28cd,112696
977e5cefafb662fe957b3905cd23a8b08541196c,112712
6a71ae0a3c5ffb46c33347141ef2273b106d39f7,112712
9d665c0dcf1b25852c9233fc45cffe37ddf5e5df,112712
2960f4bc6bd8069de592f7ada183bef4da463371,112712
2ad6073fb279743880b1364b3024ba54bc6ed51f,112814
6dffe0a09b6ca1664be5958bd67981f2839b8b95,112814
bada619964e4fb14937f81c63595de198a7d71e2,112814
1f019912ff99154bb1a364963cd8f07e5c9d1ccc,112814
a0d9a0389dd7b5655fc5d17c46d0f6e7e59beb89,112814
f8a464a8d97e8a51dea22f6fdddb4021b119cebc,112814
ca54c733d64feabd5dba9a96326fbbd243105ebc,112814
604ad5c10fb1e249f414e296a22077a24c968364,112814
1c69ed60e5e92211603e3ba56ebc029b41378124,112814
dcaf893c07978890369112734651906d50fe2102,112814
19b88d42722792d26adf683f90cd937835dcafd7,112814
84bddf54525e074d4d71a9dbcb01ab0c08314afa,112814
ad3d584b86484296f9eec540e9403d525177895d,112814
6203eea7a58d5ff220aa6be786a09c9b88224d6d,112814
fe56bd77730af732a446addeb7760a9d5e3a32fa,112814
84bf096a6b7e0488dc70dafeb830a2c9ac5fa005,112814
8bd5af29b830a8369de2a054d42f0ebb2733dd03,112814
db06e2e5ac8d045a3d8d2c97c5dbe308c86ae9a2,112814
3102ee2ce6e528490598a512dbab9d8847a5674d,112814
ba7dff0e191dfeb7665453348084f0436cadafdb,112814
512cc0da3d167f0ca83006d047863aa5d89425cd,112900
54cc23c32765bc855b9e3e744403522fff5887e2,112923
1c47cb6eb4e13088ee65624560ccf1638fbe01b2,112906
cde0a961d820b34c2141792e22971573b52de3aa,112906
088110921a312359d57676668384e2c3438f4030,113021
6f9853b74eb4571c6db19553fb1a97bf1d8f0952,113023
89df79b550df319ca99a122c176a6f744f27149d,113054
076fae65ffd2919471838fdb0f5f621b39b07a66,113060
9e201aa774c6b448e2be63c070cd52ae3542fe20,112012
1b0b854434dcd59a117970d0308c5b6e49054cb1,112899
d2ebbd7e12eb0b031f58485544a7c43d92dd9244,113228
5b85e234e909c653b2768679a368e8feb8718c38,110205
da6def831f601f6afd04eb82d0d0b4de5e6ab38b,113358
96b0ba14d97df4828fbb34613ec0314a6ba71c68,113085
9c6809cd9a660778719e5627202acdf0e0cc089a,112544
26572fc0dbad648fcdb4b16b5e15d11065b83b03,112544
8a0326e01ac032b12f2ab6f3fc920f7064e123c8,112897
7acfb6145fdbe1363ffd37310caf91e8da456083,112952
a7214779d1a148a5e921499b3d83e389b3a04210,111455
66bef0f8ed1a8df9a3931b8dd700a3849f1a244e,112112
312b085a2abebb04e9e91192bf7954a1f42a25df,112112
a85e3b69fdb4e14f211c10fb8a5e0cbecba84425,113086
24481b75c2c65c4dabdd5d533dd58327626a5b0b,113086
a7bbae9c4cb57612867635dbfb6b74e69e915921,113086
7faec1e3d8a66741902bf48522216e69143251dc,113086
684555f480cbb0dc04330903f696ed8c8131f40b,110607
f97be1f57a8959db0a6e71040c141e97467d1d29,111867
d8ab9b41cccdffe6530bfc809edc555c47820b82,111867
f79e7de3b309bf9a1f01780e9888ad3753874a72,111867
4d329c53d1b9bea2301e982c44bdc7b773adc750,111867
aeb6187b8cdd8bc471239d9b2b75bb4e5d927cf2,111867
751e074ab9fed66c72de48d6f5a0e9d0095e14e1,111867
10a7f46b695a6f44fa635c16b54a1354aa4f8572,111867
093325206d082131fb2073ddd25b1645001a27b6,113181
d2d4aaef19879c89ed469866d92dc583b57e1c33,113183
8409cb3e4476bf13d347e3b988e4dc327b67f6c4,113183
e0ebc63dd1207df3695fa830276fccb27d6f29af,113183
1e5a85e8acbdac759dd1875aada7bf2b3ae84d6d,113183
4d3cfde0ef4a641f8dd943b87faf802cf76efed0,113183
a349e515b79285b03c5d2aa4f2636e0e01ebec56,113183
8f42d662863dd0d784eea545922845f96d56a42a,113183
7308d00d1499621a13d58232740f8048528204d6,113183
60650a2bc3f656a54f76deeaa0efedbb625130c0,113183
e4dfb3b6fce62c853d83f6a04e8b9010ed500025,113183
c4a6e4aba7ddc8e8f1098ff62122f969fd812c8a,113183
b7e866bddb7de0604f5e6b6598295660170d6d3b,113183
e2249526dbf50b820b822679658f19eaea2a6837,113183
fda120cd725388aa5b0357f13c1a6d49fcf3f00c,113183
0ae3e73eb5168387307b10731807eede4bfa80f5,113183
d5d70bb614b79aa3e2a3b698fa94805ce081941e,113183
051da0e9446c2bde47a1d249b41d773f8590c15d,113183
1c2bf123944d0ff064f5c7e46833b84f78cff771,113183
3200e7dc08afe3535de0c2e6fddcc76e2263d7dd,111574
2e059fae7a7aee6d4867f9362845896addb70d48,111574
f44eeb862d62acff482dd556c3b7864e499340c3,112682
0b0fd1a2bd4d38458508557d767afc91ac3dd5ea,112896
9e548e795a20be23e2d546b2ff35f177d2e1ad5b,113197
ecbacfab09364181599e1dffca97fc6b56ba5fc3,113198
fc599d0e3e5536e95471e90540e4eab17de9e64c,113056
1bf0dcde08e176a1d19cf627dfa1a63935718f42,113056
112d85d1de40fd859949a37c343b24a082c5556c,113056
6ab25e81ac305961965af4ff0e3076684d4b76bb,113290
86846276706a3f2c7d96be66c2a8dd706160bf3d,113291
6891bd5d7627459faba31eace5713b410ef2ad06,113336
7f8d58d3512bfbf8b73a6ffee3d3ce9aa9bf2547,113336
e7893844b769ec30a73bbb62f8c43ad2392131bb,113336
893c97cf6970468853cd2fea9b12085ebaa60cee,113336
c5fd691a587e398b419e11a7699ef38c18255bcc,113336
21ad82589735dabb2627d35978ecaed4c0841b44,113336
5b85e9d41b1032bb991ea9b35fa6ea2581470e35,113336
2fbba5e3e43490566123224eb7d705a6c1fb531d,113309
c21da807a9298292d9a8de77ef7f90722ba1ead1,113309
5fa5c51ec610113f08c7be915bab3725d443768b,113309
886eca6f61f99c16a540b8040197075f10473113,113309
a271a52581285bb7ca1c2b7f5573222c1556a612,113317
29adfd65adfdeab08ec3fb1f2703907f554c0dd7,113317
857cb803944dde7549bd2b9273feb0ed493a0e30,113361
7e6abc278d4cc7130bd890723f28a8b90cc80fb4,113366
7845802b12d45a45c7facbe23faa4376e4a5bd36,113366
117b97e8d5a9380eb93528c00c97bda6496b97c0,113366
496593aec870db8c09f31cdb85618db9841ead15,113366
17a9c288f35048d783798015bff6769ccb6b16cd,113366
0b6d5f6b23487bfe979c0c09cfa5d0cd9e3927b3,113366
02e4765a8473485e96bd3545227c3187f1f8b58f,113366
d0c672eb5f5032adee46e7bb1ec8d87471bbf327,113366
3c21b1bd5c860940061d33f82ad5d36cd9fcc4f9,113366
8d38d0bfc3b79abcbe3202dda41f50e4ebfff739,113366
0b264b052c14ebbe3f8ce472810338d035c13aed,113366
233375b48388a8cfc0ccd894b4227e180f07f01e,113366
b959fe0708d0175d636102326761ebbc31f2a234,113366
c17610485002bd4a9630d29a144c7b38cbedf694,113366
8be7ba8c8708379123d373685a99caee905ee519,113366
8b8b0f38d61d2f98ce7f9d9a00ae2d4b3f0edb4d,113366
f6d7ccaed1ec2fb2fc192b70446a35d3efa58cd5,113366
18397f4e4e66abd2cbaa55de4ee60554b02f6ba2,113366
5557e32ed29d6c53d33cf2d64e7bf1ef0424f80b,113366
55f40a9fc3a4403b9bdf87a6c17753dc3f2b5be6,113366
cea71ba0429668a810f406aad3d785c4cefd3a2b,113366
b597d2622423048478db33d544e990faabaa06ba,113366
e99aea97874cd5f183f1c8f769f888c9d077ad80,113366
99bc8e8f4d48b94adae8eb27ce2ef53f2728b83b,113366
fc31f0ad2b00fcdfaac2630bf0b143c0e1e0c74d,113366
96201fb69ed248deda11a90151acbadcd1c9e63c,113366
647af8164a2ec40bb28c0dd5d62c4705d35c908c,113366
330c603425b4ed773d53538bcb1ec2a3a18eab15,113366
22b6bb27765539278a9b038f3dff3cf484ce67cd,113366
30aba72666d48b53af652dc1d2957d5060c1085c,113366
b226c15f3019d728b36d95fa37f3335ddffe3f30,113366
b7416ad552de2aa6caa2293856058e323a4a843b,113366
a04a6e985545175877aca441ed12dbdb91db1585,113366
c78e9ad99329d4857f92462d8aa2e0aa37f8263b,113366
d9bd4e56983afa93bd3d2e050910b2c180ca622b,113366
2a851863654382505a4ed9b06674a5e147fb1a1e,113366
6a68880e205021e2a23aeb90e24132ec073bfe0d,113366
36e60f464d988ba51270960773f00be3c442aac3,113366
4416ad13677259d180f35ce44338578694e48184,113217
251079ed50464aa0976eb0738a5afbe009cc9d60,113226
d2ca0adc293a366dd6cfb0bbe2236f790af95e8b,113226
67f26ae740b81e573f67670b7bffad31a35d4d6f,113226
5845135e6121793ad9bebf67b40d21d7cc134cf6,112531
47b5b61dd3806e9e878c53d0d7893c6bdf46aacb,112531
961d3b67db0192a03af0b0ecc9981fb759449f5a,112531
e8c5edf40532720ef219dcdeebc3cf5978e6e390,111203
3b2f7aaee1f2ca52904c7e7f028951ba39456abd,112628
992ee38a9eed4409ab96882e7bac0eeb2cc4ebe9,111071
7c4ea9a9d504ea20a59c66747ddf3f105acf8032,112073
2fcee0dbfff3a523d4404835e9b4fd39d676148c,112073
b7c7ec325997f634c184e2d95f3442f999d034ae,112073
9416429ab20cdeb85ac9974bf12c6070eb3a6c59,112073
baf2260f6355635459522501059d1dc8815d20c6,112714
c894eee6668150789c39de7020e661e924332cae,108892
add5c1ccef1feb8282e7574dba1ebc0a619e216c,108892
630c6c82750a82883087f9b60fec0144c432cb19,112310
893eb7a3c5ccd14d9768fbb5fcaf8c3114d89938,112474
db812c303a4970151877e225dc91e7c8ba8916f0,113024
235ef2164d18dfb1b987e2aa729a5e50e0f25cde,113024
e00b9fcc5038e80a3c949cbb9fc9a02a73084e32,113034
2bc1fe2ad34ab1add9f59309ded790e0962193ad,113233
baf59d175f6b385d9b90dd59548f15825abdfa3c,113233
ad42613252e312190a3c4ae747d93bb8d7dc82f4,113261
0225003f8c099ee7e8d38ccca63f8b3aadf3e86e,113462
cd441e3891cae74684ff4ddc6dc2b80f6f12397f,113481
28c05923ff4f09968b622a670357bc94364fcccd,113481
1f5242497389e7979c8a12ab070c8ab21aea696e,113637
41454363957a8f176a148bdf08672762e4809038,113493
14b3810790faa57d97d3f75a0a92ff0192a295b1,113493
48214bd94c6d2011172ae6176452e86459ce9b4a,113553
89b67cfa3d21d27d2da8225cb000e3d2520c7cd3,111236
604d0bc4c2fcc214cf5073c9b43623cd574e7dfa,111236
80202e4971753d327e633ffb23c038dfb35e4645,111236
74e1938e3159aa441dbb170eeaf33a398cb48904,111236
031b1e5b30a1b1f769c45a28ac59184595734489,111236
44c4fcd9d3599b071112d127cc2c190e8fc03016,111236
9e8fd6a86151fed0552e8828a3aa3f4ae026570c,111546
c6b5d59fc972c860f1cdedd93de27a324a2eb9f8,112102
e9137565e40f9e25c2ab3d81f150172de6082a8c,112102
a7e386826dafbd629b5df957c29511bf1f6c1566,113080
25d08114e92efca16708e832599e1caae77dcef0,113483
e87d2b11cd926455cecd7cc134deb1d362b5143b,113483
58cc81a2c8c700b96858db45c3a12f51a7419d44,113483
8668a2a72a6e8d0d3c4338d2f442177d19a4aa1d,113483
0997a8c0bedd90fca8569d9d62efccfa79ad4579,113483
fb64308ed44bc4813c53c6e5f193d702ce06b64b,113483
5e4d4a7d635de31699a5756755e6c29b9c6304cb,113483
7b1bdf5f806cc720a093064c0fbfac427835cfcf,113483
b416938af3269328e4376693e7475a68165443fc,113483
945af04840a26ed711dea8a9222872fbc7fb313d,113483
eec6a8f52a6386d3423351261357de1a9a13c5b8,113483
ad9dc4618938e7c1e5180463957451641ef41466,113483
11426c0d7bdc7892444ce0e541b1fe7d07bc697a,113483
fb1f71dbe04447b2e6a4a0cea41c2efde1c3d3dc,113483
270ebaa7d662afad52af7015379048b3705130eb,113483
35e99930d7e191bbf81a67a9917e2b7a8f0b253a,113483
cdba7c81c2ba454261474256fdcc44edf9004fb7,113621
411acc6c4b971d3bde67bf400f667217047a85e6,113633
20ffc491cdf8bbc4ca2e8d1757557771f77f835e,113633
83ea874a008185b090209d4b55aa601e82580334,113633
4cec2019fed953ab5cf514c74232bc637b74c395,113633
f6017136c04e80fd82bd3c51ac7211683170a3f6,113633
3ceb37d2518fccf45cedfb474ef77314ddca0a16,113633
cbf28212493da272b6fc7ed020467ca24fdb384a,113633
d7ebeb67c82b23ebddc10ea7c0e120187695a9e1,113633
ba5faf6a2280c0d44c77e030a6032470095be09f,113633
f20557a5b02c1314e59fc5f0104d795f4166d79a,113633
6943b699caba26d420e3c86c70f62b55d7c7818d,113633
1e08e49a4efbb3274b7327911b129d14f09ccb94,113633
137ae2b27caa0e9bae8e17512a4c3f8296c89560,113633
beb4f0a83f48f9d3afa186ca2c7439a870acc4ac,113633
1e63ffabe61f63106403e91cbed87d8b5d6f0396,113633
8c393f615349ac949909b934e3e5e3de0798736d,113623
54e043d99750efc73949e0e61f2c662035f53ac0,113623
f9ab5a43374bc3dedfa28c9f0ef2b86ab2e6e186,113623
3c5f7918900a19ae26207ec3a747d7fb5d8d6444,113623
3a6df772c156fbe6d6cbb1fa7b5d6ad92cdbbb9e,113623
79848a3e09bcfb2e17d2570e61b14ed9e6a89893,113623
c8727dbadede1f31414770181fa5231798977357,113623
44b87e5e6df01e724042baecfb427e6b382d6efc,113623
3b9c765fceb45bf953fea1fe472f2c70b6b25f9b,113623
97d41a83c3bea2d3426415cca3757dc81feab600,113538
13f95c0293c2af55cb2b084ea72e0f42e82f8320,110367
f840703dd2cc9732ccc192f9d277d248e972bdd1,110367
e3d698419e9d9d0515ca40ccc4eba20840e4eac3,111901
84eaf32c9301e911ad038a057f447a7836a2a2f8,111986
a2c882db7a57cf08a06b4d27bead22b07a9c3c61,111986
63e42fbdfa2524ab7f2569e88fcac72208f607b8,111986
26a3cee776a5883c2218e208b686b797d1fd3793,113253
12aeb999eae0ca5b5154063546547508538d5c2b,113253
ff848277b82871eea4234c50b4cccc0cb4cefd39,113253
a44ebac0c808497bef8bf450bcc11cc2cee595da,113253
e2c72f0ea9d1beb8ef57562836422047156bfc19,113253
d030a54d19e9de2c3a3591c9ab383dbe8dcb0081,113253
f660115806f238ca086dab48a91b885b77f9c78c,113642
6191cccc5fbaafb7540b393583d89db0dc77efb3,113659
6a4077d1c7bc49294d417a7a1d3bf4408a4fecfd,113659
cb2357d6bb8bb44a7181d81d5edcc1bd03743ba1,113661
7c32047f94cf7e7f02225f125cc9139ff451570c,113815
f9cc69ec8f29a169e40f008a9715935f20034073,113939
3c2962778d44b40ff4ac9d7092a843713645691a,113948
3339140c9e11083b27be52b77bd68b40773e773e,113986
87f047afb3b66aa012857f21b68d8195bc2e93e1,113993
b5c8cae9bea7f9bf2f0a007be6e0f2f40a705afd,114022
95c355c425763fbe5e735b9ef54dacce2c4ce21f,111315
11dc56c5c7b0d1887404592d5b77e0b7d62b9bf9,108585
71aadac1326d8d29b73a974a429218eacc8cd1ce,108585
17cf0dabd3c41f70e4240fbe4472a55dd9204afc,114145
679302c0cb41436ea4e34200784a16ee3d7b9b37,110301
c526409cc605a9811d1129e01319f7193bd0dea0,113022
8d35b51c8652f5784ece4a5204a949adaae74f40,113022
ee5a320b56b48d44e1e316647b46fd6012fc1605,113022
40c55b886f85c50e75333fa0b7a3383e32a1fbff,113022
17d5879e6263033e473a2605d5e1ac838f88c12c,113022
d1b131ad01a87f28992a54ab7efd1c133b5d74a7,113022
cffdc9e2a327ddab9c6c739bfdeaff36c0e13792,113787
44aff435975ce8645d586c68a3b922b93e0f7a26,114050
e88ca1047ec22bd0040ec5c21c1ef6fd6867a82b,114076
d1cfc8e88a4d4df19c25d2e94b04203ae60e0851,114011
7aac0120cafef2eb11df7237955437cff3d952ec,114051
1f4ecea7f64bafb35d7af2d953244a07111d1f86,114251
0bbd4843faa3a007dd0655b5273253042eb1642c,114251
11b534905147f0d238446ce0ad298ff3cbb19f10,114251
be2ec6abf535885f22f11836adac7db8dedd7759,114251
c6ad8441ac24ee01ad845a03d9afdcd600122bae,106669
f7e3627e121580b0633a253b7725bef1251fb720,113121
8a94f24096157a8177813c7d4c873a5bd493914a,113121
754c9b0ff04aad19d81b757a624a156489e55b36,113206
81f2c9856e51c5dc71dd4a7bc088ff2bf3635523,113206
7bc1c58188eadf29534f61dcec4203471b53bbde,113206
6d8ff07c31df952f70fe98fa35a18870f73b08c6,113206
c0605a4a21c4aa0c4dd284406fe0bd4cccac2f42,113206
5d28d1fe63b0fbe4b0f2fd559125048b7a2a852c,113206
66592a7f32def0c5feeebdc092f45d7cd418ef90,113854
09e36833d282d5e28a28d7c2f672cf48182eb70a,113889
c2b6469e665ae00cfbd83b2c8cc0e24a59970358,113907
2ba110e8d99719c938cdee58d9f165ef7350df01,113907
8c62d2ed8084a660d162a051c36edbaca87cd46b,113907
c06bc1a550aa5d63526f414f8bbc8b9c1a5b8470,113907
0fe12141590aa687f4902c524de388c3bbb165bc,113907
cdd21ce2e5d13ddf7b45ae955e217b7f9d28ce22,113907
c684d5056f8182d5185272f58c1975efc8e4b3a0,113907
02240c6b0e8b5305dab517b615b91b5a69d0bb99,113933
58f4292cd911aa58674f976c94f0f179768f2d85,113935
68319b378d60980d18d9bb0301eaabc3ea9b0c0a,113936
b6938fb624db9d5c928487356d359e0d32f8553c,113937
b41c729139157662e5c96e7f5bf52128964484f2,113938
0993ce94a3d4342c2a5c1b9a03bef31fb85b59a8,113938
d1fabcf3a7a0c19416f245c65439d899b3829a1c,113940
a74c96af991e96c6474f3e5c71d723434e52f7cb,113944
456baea0d3141324437dc253043921f5f50ee3c5,113945
0f2e48108e37680d78ab38edd93cd699f47fd006,113946
fc09bf7096203b9d8f581d249c98d20e03e30ea7,113951
8d1d65c4b64a6f376f740777373506522eac3dfe,113951
9d47b1c967cf80b9aed55de90a57c4a40181e152,113951
bbbb9353ba03a8e43ff97ba0d18a63cb1cf6318c,113951
f474b557bf8b7175c939852c50cb766f9776516e,113959
c07bc03d9d7af8a7709a0280adb0576fc246c728,113959
e4ce091487a4ec2f172f6256d2c5f7c1235e55a9,113959
5634d9097e52388454a7aa7146583b59267dbd3d,113962
a3d7303542028fb9ca8eb55eac6cc79cd190501a,113963
33d45497e070bbda0453017e3b36d2e849b541fc,113966
2377f6d6256af46b129d6ed67f3b0bb37fab1684,113964
b3bb5c89a016806066651a68aaf201d730ffa131,113968
652d3ca81b12461263a4ed0d9e5ccf3c3afd116b,113975
5a0f490e5b7bd94756e537cf9b04188d24c4f88c,113983
9bcf962b9b927e2cad8bf283130baa1f8478a404,113967
a12a50f713de7a9a01fb1b4bc97628208939376c,113987
57bdff230d9d7c5f7e530a9b52a3fd0a1db17c9d,113988
3260dea0438f9a3f39d8dbc8f9db4a7275555853,113990
0a5bbe55246a7dfc4f1a26a200bfe0f9548485c7,114006
d36d911cfb15e71f79466150687aa105bb17768b,114007
db3897bb6c363325c5ab80feed1d93f65603d2fa,114009
2b138a484996460f6500d7314a294f34b1e452d1,114038
4ca79bf16ae6fc79b297c40b05bba79f5229e129,114038
3b2bef1cb2b0618faf7309c596eb4e3a4f7e0742,114038
c28db9baf03e1b1b65d6c4945c49b80c6b240238,114012
5813cac8cf60318b728e18c6196fe9c2c4693061,114018
f380eff583e0a8dce059fb557a2c90cafad113be,114023
66be6204a7ba9b40a72e6e028b52a6bb1c893ae5,114024
1f21d40299a9082ac662426a443c55fb17764140,114025
d84af001b8c739759a16c4049d7c3ab81683dcfb,114206
29d8ba7f016cae84d7004c7f22d02efd7742262d,114065
d34c1c7295e487844d85c6cf0833c04307029c64,114064
45a4e5b224bcfcc7928e10286c712efcc72c3f34,114062
0c1f3e313394d6cba074ad4a1e814bf287fc5cec,114062
1f9200b6aa2540c66c674e644625a5b0f06b03b1,114061
5bfb26c0b146fde8b3b2a303a4bc30c809a84ae2,114060
055c4bb8c0e29c54bfcb6dc34f9167106fe10ded,114059
cd2fb185ac7e088bdde35a3810adb0adf8bed860,114059
f9ccfc8e706a2a99c311481eccae8885ed27f420,114056
e7f46a04d44013dd2a609ec90b952d9288383d2a,114055
aa529b3d32a1e76b265273d1bf9a85a011ebba59,114054
982267d7a841de10683b86e60ba10831b752559c,114052
7cde7267b9a646f538f4a4799f81c463a848dc2e,114052
2bcf58806f9d1836b160d92491fbdca25f6cd54e,114052
f92591d53bb216ad18dc9cd9b994f76f7d33d0d3,113992
c53307ab88e1e7588366bd1bcb51176d35119459,113292
6bfb38b8e76d4309e5b8c1160f61723373653a23,111279
08594f51807f8e0157e7dfb56c4e514b6d87224f,114086
b48fddfacf3e72fdd10ba94f814344b88c9cb832,114086
6eefbac59199e3cc1b31fa2dfa64f8f32fad5d2a,114086
0d646c18dc3b5597c89b24f2ee785caebfaf55a8,114086
b66c5e6e6e4d3a96d3b12d4639dddab0230719a3,114086
c08d6af1a4e8d66777ead077ecc63abd971b229d,114069
bb1888d8b93c605b607e05a58c7d562693afe1e7,114068
715db1617a514cde358148ee84aa4fd9cef72a8b,113984
9425818f6f0d0d66910474144cc5f6788c1d017d,113984
7375154d3246709a266a8751cbec765ee9328470,113861
fb46a16435a74cd2fab731a481f2095b318d8320,114113
14876e5ac92de920ae8ec23e14893cbec3a48465,114096
5dc4ca7bc4029edfe7f5cc0da14d4d090a5085d1,114066
90286cfa64ada7489c85831b8e3bcc3112cb7bf8,100126
aec00af76418b877020fdd5c2bc152e537324e4d,100126
ce40c52a624b7b7b11b40825fb1591a8a6c444b3,100126
ecf93f117c3048e7a3ae18a58d0b49d0f51b3182,100126
f82133b7d281bd71a0a78181ee1c3d27a80ba366,114111
ed4a7f0c627d959619864005721fa362f716e5cd,114120
0a4e5b6aaa739c5b2d75c33ba522ddfe2272faea,114122
e249f5528606bb5df589f4e78cbd9ba3ca93ac0c,114129
1222f28f540f38bb5e80e48f23c5dc2eab7e3a07,114201
f914b6d9015a7ca49bf47bc7cc3d689c655c2700,114201
ac1db7eab2b31ea90ab1a3ab68cffce9b5a9e410,114140
00b73e03a4b3c59ee806bb12d7c535907559159f,114093
1485587f3e31692c4d6f2bf42bccaafcc2939a91,114093
98cd04147526871f8352d69e6876817a497ca40b,111764
9f76618728fc6ee5fb15ae0e2d5351f502f275a7,114203
c5028c30f57e23f6eabb02c1d2a03a2d6a595c20,114203
b8e4be7ba55a6dd5946c1ebb34cedbf45d04afbc,114203
abf8b0b47210e9ddd30cc5e24d7136bcebe6c523,114191
e3c1c36cc20bf0ad59f709bafa7a29ff7ee7e3e4,114191
a9a224399a41a175ba08d69dcd9408ea1359e7e1,114191
f6b077f09491470a46d6a7df7ee59c43e966565e,114191
df9799841d08a2c9613a0761dbe367b389a28e79,114190
ab1d455db7d95e0da15e8657c1ee6a96ef9d4776,114190
0fd35d925e6e091a78092f73dcf7617c237c4158,114190
ec432d593a052b97361d367abb7953f1a1a1f4cf,114190
a6247f563adbd224239e26dc39c30f33e4461d09,113581
066f18113dc4cee8d29331f082705ecf4425e5c3,113646
7ea7718183cd53bc20f3a401be477bc662b28238,113649
f083bb615a94df89d6db5b7f7f54c748debeeace,114015
355e4100df813db580a44af28ef2ec08a19f3c59,114015
01dd853ec00740c5947560a674c4bd020574bcbd,114015
1fce5835363862c223066135d3bd45619bd8c806,113928
f57c2f82a3f19f81ffd539e71a9d0d2523b7110f,113928
64fd17543c3f7001fb904b0f2e0d383774868a23,113928
13e5627e417efe1b908c7e938c267b5e0b97ec7f,114166
620911176bec95708c8df976081b939fc780af01,114166
b9934b80af7ddb462e71ff65e7c8640c6da28ee0,114166
ef296828ca1370b45369848232deae56b669e3ec,114166
76718f2c7c022c022131ed20cf35beb8f908f7c0,114158
7ae90612f1a202573d2e85f4ca7757fa06f12223,114158
dc497db0378adb7ff634e8f2138fbb17bcda5dc7,114158
b91e25f5ac51398eb96c4fd0d89174bfcb370ee8,114158
15690f4a9eda57b4977bda30a925180d9157068e,114158
7580c9b235391ae094826e985348d4f614628b38,114158
776a886649e2e6add2fedcd6702f9e1ddec3334e,114158
019a8101c5e7d69c71ea10992c690c7796d07c95,114158
f638a1f3de6bb9e4f818f009b5b7920a8a00288a,114158
5e44f1bfc4ebca8cc847e759b27e799efde58796,114158
2e42bbe7ad5c7bc750204c875b4c16716ad1d4c5,114158
a2716617ac3e1a6c2f42392404491fc6b6710e10,114158
553abf59f66d8e7fefe61a9d133a9f441a3923e2,114158
2b1c86a32d06e10165c8da1f4c3f8d44ce4e85cf,114158
dde23e0b4b71680e052deb57696215b1808ab7d1,114158
99d445a0edfddb06ba5448ee23fdd33542689b00,114157
9c00032f1f371b5bf4e2fce88412e842a1351980,114157
077f967f5ae01282913ae2d85fdaf059b47b1814,114157
300e7185c52300b113ae13ad9164a0c0b59ab698,114157
3aab70cd6958d50a1a1727156f629846bf6846a0,114157
affab76fc592eebb124b326d81abfa67a8db9b9c,114157
d3643b8ccfef3faaf89c293053a1b7796395f0e7,114157
9cf5deee2936eaef693dc5c9ab19533ba33492bf,114157
bd4e4dd42e996d4e46e9a5869a7eb3e0b0bfd9f1,114157
82b77041df314f27bf6cda1892bf3a3c4a8c695e,114157
de9c6badef07e5bcc26e0fb463a0a1e372b26c4f,114157
23ae55b8168688e56ad0f06b9d8ca426dc180c8e,114157
51afdd17e4e7f51feb01c8c71e123770f72e81ff,114157
2df84f600cfea09bf0295b59647948fe94b9a305,114157
7b9b32a1d65c9e2dd10932bb8e986e7d1a36fa3c,114157
fb27df70bef94047e61f0cf46a7efc077253a24e,114157
d393411bf56a60254a22503104d323ab7a80acc6,114157
002410c5afa322cf6b790ef732a688ca5c5e9f1f,114157
0a6db47981ec55e70ef2868badf0038f5e66bc75,114157
792ad6c1ac3fee35c2a67f63da3ac930d76e0864,114157
f4a8eb88c9ae11ddcae66bd3fa5f62e6d4f7bf67,114157
2e586cde742f8a4206a140826066ee46642c4bb6,114157
b42deb0d12da40da78a5627401e67a00b941ad8d,114157
83dfdf5ceab86089a2330be0e4a49ad9c363fdb0,114157
58af1a3ebf9107896fdf7def578364482f34f427,114159
ef9131b8743256da661336c0d98a1cb29f005197,114159
fe70fa22576f05ba482cd9e61a2c0c529fb605d7,114121
153c147bf9c52dab740f3961a7b1e787eca44829,113077
d7746429c6486c49bb88b11f6ea30452d6e9f174,113077
de58d88aedd365c23ec6bba8784d2cf088d2c286,113924
20509f06c4723585cddbcb8b02cf3014bf318948,113941
e547b8d8dda9b64fada90aca0157ff8ed4ced88d,113989
ced398472e751658169ba5ed0f8bb1932f243c1b,113914
922bd21fdc3cb25904f795b489865c6bb3c7ec62,113969
8bad9abad7b9f075f1396067e1572ed8a91dff94,113969
1fd8608075b9efad86708417459912362ced27a0,113929
e03e40aec416e5879d1d3f89cb589b1ceb53e083,113929
4354b42fb858afc3c1f7a6255d2f4cc5fb135089,114014
30645ad5510be22a918c2147332cac11836d1933,114014
21b896d8a0917ac639a9b462a0cf146fc44ac364,114014
7f3bfe749505e1bf5ba626337eb432a80ab4ed52,114014
efd0c6c2aa6babc6605f564e52873223ff6ec6b1,114327
4b61bdd0b70d58e6fb209ba8e1869d5bcbba6d13,113858
cc1b6ca97c2293560332de406edd4450dbb5e35c,113402
284ea9af026b44ea759c9a8b74f6348dc92fb73c,113402
0ac59d41dfc4d65555552633748aab30ca04f1d1,113402
46b0792296fbefa7f7533dc0b355acbe2241bccb,113402
ed057f3371860039747f8fa1447f46ac3f54e32e,113402
de226c9354b877025d1cc9c8cdb5d3f355ca04e1,113402
b35664a2de04a3e47be199562b647c765a4528b9,113402
091ee5f733312a6a3d844537c60eb6c95a266793,113402
01e0dad812db77627dee05fc17d2d2e06f590f62,113402
707eb603bf73ff7fefeaa57b5085af971c334b5a,113402
f24fcb88313e7aa31cee37c98d5b0159b7995ccc,113402
e1807108b2d38a1a8c64961ef29dc02c9cdebe43,113909
95ce9e7bb4116613e780f68618a54a028f3f2d05,114058
9f06754eb37bc99c6edc1973d0b5912451cb697d,113857
5fbd66da09d3be8b4ad16d5677ccd52a2d20f633,113369
ef5a55d7200fa785b6142eb669e1ba535c6e8777,113369
c0e9cf04a102a18bbe4ff43e5b4508a4e75e70b2,113369
01c6b05e2c6b93f9adcd3c64f1afdf225ea55be2,113369
ea55c1a457e586da36af0abbc21b52fa3790e9ed,113369
4269cd60816f0a0f6dc9099247c9f62b359939d9,114204
8a95923776f5fd18c041cfb08e6405fd544bf040,114063
77b6f75d30fe58c77a3aad2279d1c6d3260590f6,114063
e9e5a696a57023672782e63d1cf3ad0eaeffd157,114128
97070087f87c8f177fda47b594705aadd5308e50,112233
adf539509a831764a6cd4259c6c72b7e4f1e5655,113927
614a3baea0d33d1b691f31a5c6f8553d1fbece74,113927
337811b7dba8fc4f7015ce89cc836efcaed9bb08,113927
5eada09e7b0bff3bc31360263ce3f90332f85cc2,113927
e844e5f01e9e3a02a8d01c39eeb0ce55c2f570c0,113930
b3b981fa06a603751b88881613fe6c1adb5fc79c,113930
3c131d740a511b51085b98f9e5329faa9bc9e337,113931
18ce2d46687d88f57d1d54a10f302b6087d4e11e,113934
f8266bc00bc4b087d634f57285df7f24847f94da,113947
339e3a88eb801ec5861b957dfff98cc09eb09dd4,113981
ea48fbd36a8d70007456f0c12af7487e40b3179d,114130
d5e64623f93a77d4351c93922353e7a60c30af45,114230
f12c16544363e44c148c1ddfa12bbf2aaaca734a,114335
b632a91ba41270a51b0633a3083d98c15dfbac94,114335
113da743005076e0acbcf23a9251233c95e2fa37,114335
95a3c9df5b1ada386bedaf681ca416d666c824cb,114335
a0090527902023776933d661728e6c6fdcfcbf13,114335
730837764f88c8bd5c5f19735e5fe2a30892875a,113533
d6dea66033e713f1b2ffe978afcbb26d5bf2cfb5,113533
86ab814dfc622c45a30fe5d927b4cd825893127f,113533
2d5e125c06301c6c3783e1f047c4c428ddae4bbc,113586
47dc88536d7c48d001622af9256f04dd2f510b80,113943
1cfdd9dce2ebad05ce9c3bd63f7a21917f4e3f14,113973
3eb7824e1604393cc3892fd92a0e3a8e79fa2afe,114021
c274e7190fe267051d1142ff4a5c588f33c5f747,114021
e1b981ba3834408c13ec4a1d06c65f0313fc2b2b,114021
ebf1b9e88a2d131ad33a0d669a69ca6ee0335aa3,114117
c2805ec5324d63561c780b804bc8ba8fd9e33043,114002
2b3c9744be1a85b2b5d463bf2c36cdfb5639089b,114112
20d2b066c22437b69532657cfe890274a28c4d55,114115
f3f63ebdbf611d0f690172ffda1ba386a388b21e,110962
e665f07b7741049c39c427e78599460fffb95201,110962
b95c99d979a452957f51b9ee6bb28165652fe0b8,112506
2e556267856f0bbbb5f1da5f241e2df8f76905e7,112506
d9b07f41d9d969eec8ef7f86bd0f7fb25bab7e11,112506
f75eaf57334add1d97be3f0b0b35bfc9f2f4990d,112506
654d5361a62b9889a1a871bc750a3ff2f70ca7c1,114192
2ff03515d129eaf81090fcf22d2d10542202fd12,114192
b6e626d7dae53c6d40c4a138fabff7d591cdb10e,114192
bc78f85c518ccae6c9c265b42205017c5d1e39a5,114368
1eabd3a7e35f2767dd4d13d62f3deaf2de454a90,113612
3d9ebdf70325210c5f2b6b36e29b2d97f0e990e3,113612
7592cf729ac13f044fb6867d700eb5d5b1cf0d62,112689
6c64738a03aa08f6f9439c59516755b2f2164e32,112689
3654dd8ad11392887a595acf70cd7b29bbc1c818,113908
3471537cdb651307bdf6f68cc891df969419f40e,113982
32d35ecc38896b74b06027561a195d099bd2176b,113994
cf9f58a9a82c315775294a0c832ed1c7dbb0e124,113994
ddb68d031996a8445c7b54f12bdb46423cf7dcc9,114358
55f4ac73c498748e9f34783cbd0e133bf8bd8cfa,114358
b433371253e929cbecb1a20ae30b33c9a7f69210,109506
14b58241b33fac167cce493f6ede2f641007488b,109506
51de9ef2c91f728c6c9b9c832b26ed577366dca4,109506
dcaaf560a22ce1bcda1abc7486acafe93895ea88,109506
434f6747f93d58b2f415eae5c4a98d0131fc7537,109506
af02755bf46d659df9d5add939c6423cb4af2b05,109506
9cc8b3a3718849d6aac90033c2199793dff4afed,109506
48e900e684ce47d34d3e710e3ba6977255aa5764,109506
0b90eb33319dfa8d6fddfd866207ce9f786263a5,113942
27f531c8a4265110ac27e43a4bba77ae29e5b2e7,113942
aace91f349ec6bff333b8c922a642dc08f3e9f7e,114067
3d4c6177d2dbd77d12d9b14cd75a00cdbd826227,114067
7ffb0b8bef74fbdf2314ad8d319b23187b3ad72e,114067
ef3e9115ecb8cff7e7d969ad158245c39f15744c,114073
d115297bcf33d8d0d37dd7e0042677e49052d91a,114073
d959c961ff2fd5c80a1ebf7e6b82fc3f4e2917bf,114216
6b13ddc11708335d425abdbffeaa60cb8486a36b,114324
2edcf5bbc580df1145b56d5be89b7911f7452a42,114437
0dec513ed594414e65edbfb8108831f37c0aeeca,114449
7907c08f0b584ad12e17559a3306906e099ee282,106212
ff4c4d369513f9fa823ae0d531d444687d082cfe,106212
8bd72d7354d482be083148d6e365e4ccc7f15357,107555
a576f1d1c917d0128aea3c7770594a858556c4b1,113923
d86441f4b3970e31f142804eef3422429458ce1a,113923
a1b2506972b0b64f3f1d221524afd01f364b1f32,114546
ff09581f39cfd298ca985d6e04409350792727be,114491
ff3778cec70232aeec6711cec98a586e13314fc1,114486
94d4f582c7a275b345167e1e582a56852cf0ed86,114484
e8a449cc166cab5a496244299b20c959a968e72c,114484
0c147d0cbf897c4492c21699a4fd896332cf35e0,114484
37d2dc20a57fe67f1c8cd2b310c4ef194cf8de05,113862
72e5c301b2ebb74a1a3e303316ea8f232ccdf1af,114559
8b246589cbb2206d75c6ccbc729b32cc2716311a,114559
34d57c43c7e40409c8c6fe9f75dc125d63b5e3ea,114571
6c3e8e5aa4cda72d7d077bc6288047ba7a57e53c,114572
ef5b303dc88fb5159850623a2b51b590c36fa5bc,114583
a3dbdd32241ab165074dbe4651014ae6bdceecb3,114592
62eee4b4d85823633f8680c0554fe170987e6381,114598
310b195ed12d87b2cd7d408571d1bd14de36a570,114599
93c4f795fece67760cafbc5c5afd981d8f868494,114600
065f6c2b158cea4ac27f81c4789c691318f66771,114601
66a6d693b03dc7333e24adc979547518cb50466a,114602
7b5f91817c402e64d1b1e3a8784447bd38dcb5e9,114603
8c3e17ada9e8634270cfcab60e580c8de0f297f6,114604
0ec1c9ba5a473bdacab465533170b153313ac6a9,114605
21d76213cbbafa0959009bad127d12d160e2fd8e,114606
dd2a8d1b71a8492c3e311cca1a08ee375bb0bd5a,114607
61b83aeb9c897fc0bd4b909bd7a46daf866e977d,114608
42c079973ecfdc958e2ef3dc208040601a0426d3,114613
778f14c1f3077dd56e4be25cc090cb5d2ea79b06,114616
7fbab25aa2b97a732d655d43d4e6a924eae2ac68,114618
4d377a0f551f483a96d2c4f8baed46b2c03d179e,114621
97a64ef19fab6ec70e0e14f26bd03c5712d9505d,114622
6822cfa0040815154924c8453e53b1dec229881d,114626
f8a88dd68dfb61ab1810757abd5b1a0497da864f,114629
942dbf529ad033d09e591e925bbbf6ae4040e11c,114630
b096877387e61d6d5fb85200495454e9220725aa,114634
4eafd99c568b4203da1e348486daaf6574f741c9,114635
55f4c6d4bb0b7e84c98ccc66179fa9669c7a82e2,114637
bd0ff2867cd4f14ba6d846a8bdac1d29d15b6037,114638
896d359bbe9eb8ed3e65056c1efbc242a92ef309,114640
42c60996a9d646b9d14ae591752ce2a6e023a6b1,114643
438262107213c5d88d29c6c34472b78fadd10ccf,114645
322609f6dd2a3d7e96c269fd35cf4e7604d575d6,114646
8c8b655eb9a5686e2d319dea4af265fd9166087c,114647
af17c0c8aa2a82a0b714a423915ad3610063ee68,114648
cdfe6305f87d8323cfe1bf974a6acc9e36521616,114639
82b36fc2cc7c0d65aab29af07580cfcbd4c0f272,114005
ef370a57d07637aaee8cec7b0bcebf4002ac8f54,114694
f116b99246f41bdd75fdae1cba183b72dce7386c,111814
24f440e874c170b29f148a5395d8dca09e64e915,114382
eeac3e675b1facd88bd549cae6c8a3f8798259dd,114611
0efac6d93f47c20a0cf1f9eaac13f9cb54f6a71d,114612
5b58774f2408669f363000c8f1340d3755c91176,114614
65d64e564e552dab1e8694f57de7d6ed7d6b32f3,114615
446d77380a913b6850317506017ecb2b740d7507,114617
7265e9b12d0f42e71195f8555b3c8962152bcd02,114619
675adcc8f4f85cfeb03819978c1b6b557c388d1b,114620
735580b336ea8d7d6b4ed09dcdc4703210582b8f,114627
ae55454cc37c8ad8eec23b66469d3a59f46c09f9,113631
2d84f54ccd28b2bdd66f5803e82350546f01a3b8,113726
f293e6d29a7f57d77bdeed74958e3cc75e261c09,114735
26dc8cc7ac2585160f19778f16e33142641ca3d8,114755
b919e796d9578fb5350427d528207c5ca32a59ff,114984
a9df5e60de14354852639b09cc25c41e224bbe64,113171
63ac28b972729ab4e1c8f5cb73cc5442cda25836,114548
153be0e9fdb169b42b040fe659ba08c459f055d5,114632
ba7ef6af4de98b90f508fba449d774d97c8c3de8,114723
9b5bddbed657ec7fbc1085c0795cebf4d36075dc,114588
28097406259302b6b0c988f76fcffe27f60bfada,114588
fb52cdf1e0eebc71b5c5538bb740b04324190c51,114588
4b97a748803b7491801bdeeb123a32fff2fe215c,114588
b04994206c693adfa9d5e4f1276a05b9d038a303,115012
1b820301d4e89edd26a79b86c2d2d026356faf93,111070
cf9aa5d8eaeff921f0ab4466d73cf3f5f0821e3d,113546
ff01135e814f70f11f17c0b84f787ebeedaa039d,113546
ecb6d8d3f4624d6b10a2e836512d5c058712f6f2,113546
8c968a307066159b740a2a7337ba9987e0fc687d,113546
fc4b32711de2673ed43aeb9b79a4d1f06eda89d8,113546
e4420e41b56c19496e49d87d5eb061de7b3d633c,113546
e40b454f39ddfc5be2f2c0e8fcf6709d0b733c5f,114000
9a2ca7f22fe1155332d75037b3040e88eb7294f7,114001
2d1ac5c8b238561565d4a55912ee0af6837a30b1,114136
ac8a6f976ea3f95ec2baa54916c903d1ed20003b,114138
c73231ea5a6af0d728fd5a749732277f1e95572a,114443
4589c06ec0382080acffd0953058c919f2d4e916,114444
95c4d9deabcca26064b4080f6c64b842f440b69e,114633
771162b2920791f1e831eb27c7a57504fedf58f3,114641
7d4e0a1319cab3a313ff63fd1163e57a09f1d535,114817
843633f500a43bc24daea7e4aab8d47bb54a77f3,114817
fa422e8b1e1977668f9c0a5f71b57e0bc707a82f,114817
706c6e0031d9700f042e5c7c7bbc800ebdc68f0d,114817
cd88dea51a1e82210983eee05fb81b0067a30346,113778
fe44da6f1844cba85be43abd87c21375bbbe1d99,114836
93f04c30e0a041abd7c89b3f0223a190cb30081f,114836
cf1c5c926714857927d2246a8275b3469485d090,114836
d31677b4abaf4cef24ae8361c0b55500c7581db8,114836
952c2ac0f0720a2dfa5746525c75cb92d663195b,114836
b4a02e8a7f63b7b433ed29c7d7c73b20cf4d93a9,114839
21784c40741712219e2f65a5450600814684bb29,114839
dd80594769d8bc84e0a6af95d856aacc33b62f09,114846
c9d1638414d74e94df4887d4107186d48eb6e50e,114874
698b2a3a13613d2a54bf8f2485350f4768c91402,114885
27273d0ffc8cdbf4d8efc295d2cd0e7a94e482a7,115090
e556cce95113946538d8d2f289d31a745ec9cd45,114900
a4c429a716edcab063c617f9fc715b486c805c0f,114900
40b1be1ddba646df66f57d52ef107be02f884d5a,114909
c5d5312a0a1a0c6ece42bd9c66bc046d52b78b07,111454
5934608a23595a1239eb8a95dfcca324851b2b85,113991
a4c8ddd9a8e9d8024e01f314505a5e0ab67ad072,114078
a6281547d1b6c6473f37ebc200ef8f167fd46dcf,114078
61d23e2490eac4a2fee6ee0c726822965719f39a,114126
7b0fa68075d1254b23d195300921688bf5cc6b9a,115127
2fbb1c113187a8cf2f2e51a2db9aead1fc916e48,94012
aab4c442c9becaa59f66564534f53547b027d6e5,94012
11b8543035fdab011cdcfa140bf7a51fa898168d,94012
7e0e0ff7dc7e68f6667a0ec00589336fdd7aa802,94012
d33aa34200a7bdd3f3c77fd75addca7b0edd4714,114211
7c88ec4252fdff7c977fd15f8eedf018028cc8eb,114212
6483cce27d47ec98b169e9a7a7705e07a2c749c0,114275
0adb311ca8f2e5a608e9555f99b2d6e201546063,114719
80f713f37fa3180c847001f1e5febc881e329d56,114734
f009676994df16dab98fa91953e00e504d425d48,114916
f0839daa37e39c426e42f8678446a270c6563e9f,114916
9fdbb3fc0ee3ccd1286158d1fd72f6a6b76c3366,114916
ef03bec8a0512c3a0b8a007670e4d7aa3ee42974,114916
cc1e7d4bf58ab6284267afbb4490c78a9fbc4b23,114916
fbca1e97243ae3ca55a5f59324ca197cd39fa5fa,114916
d8d94aaa91f16ca8905f7e29a62c772691f0990a,114916
b5135ad87f8259a5126a78e2540cb36fc1a9db82,114916
1e999d0735da59d696050ee3ccdb41522e737d82,114916
cee80e9c22cb19da09b31cc396e2df37ac6a00c9,114916
dc159fd9cbac83f3e4c3c07ef80a17d73efc0c45,114916
304c1f3718e6b85f99dad6a8ddcae720ec61681e,114916
d935e4d6162a07593fa3f4f370695d13248a5fa4,115132
2fbdc93cc9322c657d024254e9c643a6f0efaf49,112865
db5c91e23f765dfa81f428acf6ea42b39648ebbb,112913
6df57abace5200080db8f1520dd6bc6c0ae478dc,112913
1872775fb4430853a2349d31065869a12ba5df81,112913
515db9a1b159a12ace6743b11be015860620110a,112913
c7726497958cce7ecb1979dc5849b804a31abb02,112913
fa7c9bd8675c065896bcba1354050fecccb4de17,112913
c3763029ce4f119212c80bd3c857406737149903,113170
a119dbf957230ca334f020a7aae3d301e28e8772,113911
1a91c6bb9fedaa9b80af7b6b2b9247cc48bbab97,113911
dfafa1f4f98bf822f90820e75e8915a1321e6a1d,113911
7cd42ac23f2248b344ce8e1915e388dd4a937849,114123
ce02f6c10f8d5c8403a616412a23fc1efd3db129,114125
4bace2f6131c1c0218795cdc5dd40ed16269f853,114388
a1552e722cce848b34a01a822d3723fc78890b31,114388
f7233c7b0bba94d1b252e99069deeb4a3599bd36,114388
4dcb1211b62295a51e157478d7594ad2b23386e0,114388
0b2a5c505e731e10ebe68932d905420eec32d053,114830
1bdac9e22d9743e805cc1496efb581e2e8c5a0c3,114830
8721bea4bde24e206fd6e8b46ce0be5680defc61,114961
c1722432214e5c93b2dadca72c0d295e9c3417aa,114961
3facb6769d7fe181aeb59c4cb54ef961ed5d7de4,114961
6744d58a8b9ea4071efcb5597402ede4b8800e05,114961
73aa695b1cae0d368279e015d9f76bd010bffc02,115229
70d6bfe8fd535b2a77ce480be41e2ff09bcce8f0,115229
0a1ca4b888c22747a6ec41474c1d46222621ca43,115229
f2b5ecd866f0a4b3ce91e3cdbc89b51bf93c53c0,115229
cd92030c182553e6f358180a4dfe75e390a54777,112527
54067c6eaaffa1447cdc13a9d7501dc3caf96ed5,112527
aa48ad9a7c6961732ddd8563aab500e35a141f92,112527
d2c89733b1b80f659505c3eeb001c49d4254b20a,112527
55d78f2c53998afefbd66e6d3e02bc13cd598404,112527
88dda5aba103906e92e2306db85b1e1cfaaf2fb1,112527
fc45cb31d012f8b4505791cebc1148c395058190,112527
c4354f60b0808b3ffd25d53681520c2634a44b14,112527
62cbb26364db0d890f3f2a9f0e59c05095655c32,112527
f3964d9354e4714a1bdbdfe426f96385300fb833,112527
60cacfa005103afdd084e14f9648ab5ccaf5d0ed,112527
f50cc60b81ff17f3df276191b38fabbb5d86156a,112527
8af8b695495499a99b92b93f94f8c3c497c97199,112527
e461cd323f52775dbcc20e34d44928b654473d34,112527
121c894bced5d3a48e2d24e73a882ec9263f6218,113985
2dd6d12654124137fa5eeb4b9f911347cee56fbf,114004
0f26818080e1ba954484415b387820a008bf2d24,114105
c20d1c8646066f754f903f944f3fc1dea567ed12,114762
4028fc4c678b8c75716411509d29fe7883d88942,114977
9fb83c881de11c2bb8bd666480e973f3ebdeb9fc,115018
dd201263229b7980efbf101265f983b1e77ef54d,115042
a45dd41d34be1dec1cc0da8897cc15ae82af82e2,115245
7666505172ed5e5c4ea9141088abe710383613c8,113961
4bcbcbad613c91c4dba203debdfb3e1b32945a8a,112898
75926ea32376b6358909a836d6bf241ce7422f1f,113974
d45d37ab0f9fb3fa8bb5febc13652a4d54544e83,114751
21a37b6e2150081cd0947889490972b8780ee76f,114751
db4145bbfb415004ca5953782c84e92491b9a88e,115115
6d721de13a6026808f75578ecfee95a3592d5264,115136
3854bccc166775f36d36a03305e5fa6a0aa174a5,115140
b356cc2bec2063e28a372410ae6828d1293c7c85,115175
5f67ae99ae58cc40d912507b3a5c9db5236985c6,115175
c1142e344d522c57d74385f552b0ab683ff5a0e2,115175
2bb241bed89a1d67b4d4b08496abc8ee74a08dd4,115175
c774b0d1fa6a0ecd504d448b5dbe1e192722e4db,115175
4028d187edcb0b84750e8faf84b9b2d6251a5042,115175
e702b3aedc9a875ce29d021afaac7bba2246f0ad,115175
b7c7abb8cb40c4e0219ff2f6f33326e838c1e8a4,111175
12abeb90183a29f9e5bd3f6ebe8efec6c14357cc,111175
ee44d2ef77b8352f317a0634fb20c5fdbe0b976e,111175
373496795b7c74dda81266f2a60ae74a593da505,111175
a9bec7d63dda54966e8b1815432fc5f094f2768b,111175
5bd7f28c56dfca72b8b9d90083441d41cb2f07e7,111175
ac5f4ad1573efbc8956283fbb786d70cd894ed87,111175
c399622ef3650260f659c8aef19f41175a63344e,113240
38d4a52a4fd52d747ddcf6eaa27b838fa31a1e78,113240
e94b6d46c597c14cce6da08d920aa79e67811c4d,113240
eeecc4e2b04520d2c1862f6b2bcacf0d9365cca9,113240
4b80d9b46402b1ab58f683081d3b328c6751968a,113240
085757e584623b07ec2f16cdb3d9eab5ab9ab9a9,113240
49fc8ad514d722606852e499da427c9abf0e253f,113240
e1bd1e7e3f962bcb5cc33ddbb661bfbc2c837b01,113240
d857a1cdfef5ad291991d76eb8976311924f07c8,113240
267747440fe5ef195aa9435cc94957a14122fa27,113240
1018d719287265bef512f2b0caebfc943aa1ac40,113240
728c89b14aa7fe62dbc8c2c4519edc0db9992533,113240
2667510656e8ea51bf29210545eb4067491caf34,113240
9b10a456b39240f0b4756ba9a1a47579f246426c,113240
575000192c6c7c0df53eea784aae0fba6951222f,113240
c03e2bce23ce6308303e0d49132bf27b3234cf8a,113240
35562f22f40c6d2f31969a31f0a4902e5b067f27,110170
dac838e92a54c838643350e4dde569d32f43ce6c,112345
d5998710ddb740ca7ef40ac84ec9731f4ec59790,112345
9eedcb350d0ebbcb7e6e06298ce72cc8b9fa6488,115118
82b11958065aa85f8644ddc318ff4a328d1443c8,114360
69e73374c9bfda03e2dbb99af4d85b9efd275e58,114594
ee980195b26d9aafcdc89e05dce940b3db126850,114628
a7e5d09fe7442aa148bff116cb3ddbe4143f9298,114593
f52f0978f77274f47de45d986c900fb0339930da,114595
50fcbbbb90223f34e9306c81b13ae32c15bfd4c1,114625
c1bbb7292070f185bdcb66cad07562a9da13e6c8,114623
d7049753992bf12d8a514e45ffddef969d3e70a9,114596
fbc44766a02c4733d9b98f6ee4c2e06f50629d05,114624
be6022a0ec0a0fb63fd1d16e423e92c50e0caf05,114597
6d1cb01c6bcaef426a34966a786dda60e5e60710,115065
7d981a30ecfee254f59607fbab0ec06640eff2fa,115219
1c2b684cab01af95cbb842c28bfeb81011ca04c3,115219
d73563fdbd61ebc3beb75ee594c7d7505ad90cdf,115255
3b4681e57f0cda2c0835075e96587a2488b55be0,115255
f4f52189fa65569a6a1a64cd2244c389f7fff082,115255
01b334b5dba3d34512167634422b060517803090,115255
be88746fbddc834a2a45e68ae737421c389510bf,115255
b4ebc630ba6244850044318fd0a89ad2f6e06b04,114642
f9bed9108879d257e87ea5813e60b7024a35117a,111649
766220a9dc38c4f099c23d7dd4c841c1f677b742,112894
b89b283220347862071abc8116700c0eb91a0cd3,115076
697b32395414c8f11a3199479dccf49b9338a1aa,115076
7cb8a2e7ebeddb8f9c4fcd9c5aae5aa91578ba35,113950
ea4aff5b475860c43e895e857d1c30c71b8556d0,113996
1309640202213d600505ff03ca5eed10ce3f0217,114371
92361ede1e3e442eccb96a5c3f57e6849941975b,114445
7c3c352073887e107a8c55c278325c421959839d,114448
671314c2f02fc7c5a61cc411e925edbe5cb47070,115289
f57b260f2d83c5944b8477443d916ff38bb854f1,115289
7ca8115aa68809786df5cb2cafe63fdcc0f88dd5,114217
d30c13d156127a4101e49596de4146f680fc2452,114890
7142f6d8e8c680b3e96aa0cc48aef43b6e8133b1,115170
2cb158426cfb31142c4aae58159ecf06a2e28c14,115306
0f80cd111c6ad40cb0f25bb11438df89e958ac2a,115306
1eed94b0206516722d4272af45a176fd9536616f,115306
c17f300d84ff98fa96fa9090e8728f76db7df697,115312
6d6ad7201efaa77ba6b9b5658575c5d3d5897807,115312
ec2ae7ce711a5c8d99da5c65e71883f8113f4215,115312
53b6b828e114890392102518c782105aa95b2a7f,115312
d212a3c691e2bf24d3fab93f434c63cc6212e781,115321
b00e37f897a2f4788b036be44c27d68857f93f5c,115321
ea7679cd2de78f5d2e8f6d5a4089ec61d72f2e3f,115324
7deb0ff90fb2bff559566f0b96b690be42474f93,115324
48ebab1f69fa4329f0c2d0b1f88f67c73559d095,115324
c063bae89a91f3819084a8229d5b3dc1c3bfe229,115324
0e697f3f896a56f11d883d7c0d596b2a8aa85c08,115324
6a382d80f58688c98eae9b8baacee7f9b4fb1bd4,115361
7af336d8c3985655066d71ce343f050ab23a5af1,115365
ffacb16c272fe02c0e8fb2739cb16323ac32a1f5,115365
a135e136315abfe7488cc047722b6d848366b15c,115365
bfcf25419b52c9fc86bf3e4c0234b0a9a1e4a891,115169
eb4ef866143b1374cfb6ecfa23100483d6a34e87,114769
5911d9006be7d1d3ea29e4d4704d03e78cb609a9,114769
f3509a180dcd03e8cb212a94a5ec0786b09406ff,115653
87b000205d8d0f22957d731b5efcc8e546f1b33e,115653
78fcf4349407c2812c5a98528ff9ad50a6e479d3,115653
ef1543b053e20b866665d086819b8d7c629ac10e,115653
233f5618475b5a364fe05c73994dd15875c7bb10,115653
cc4eb97a7fd784511990e3a7db255ca65a82b271,115653
6f7587a6b3d734f805d1a292ca40c5980852855b,112806
d9262a1d0cc1bb4aab4c08b24014643bb73cb833,114838
04bd1f72c1e9c957a9da311bf8a96d004273ed45,114838
6278a0c23bd0eac89585fbc3613422a6d014d21d,115409
b5cc4b384370da6dbed068ab8348b595d70b6e77,115409
388959fdd1718115eec0658c43367ed7ee2ef5d6,115428
c27b4950e602ae4516ee3c5eae8fb3e662a05c0b,115455
5457ebb30def3cfba763cb6297154df28e453a35,115465
c307d409ded664c1e616dc2db6c7b541c35e1815,115466
1048bfaf0fe5f7eeab66ecda5f06a24a21340927,115471
df612d9c83c717e99e8e00c1984aa517340fe91c,115307
04425023f61c5842010653a84f8f00164267dc11,115008
269a354a7f8bb658896d787a602268d8b7c76137,115008
41e72584c3f50ebbccac2252d8699b6dbf1da2a4,115008
b378dbfe21ad1fa2952815f9e596038a171aea9f,115008
acd455913c3641309b93d91f70f7b16bc772aa5d,115008
a5f2e6791394fdf6f26db126edbe8e41108f3874,115008
f02e5407234fd4a3f9075cf708391026894050ed,114636
d5c37abdb73fc7f3df067912606b8281e4040b78,110920
c29c2c2d94afc5e61592015bef88e6ea334df0d4,111878
edcaf73893e503463aa07f3b666a0814f1381c7a,111878
bc977072df9858e64fa4915bb2dfad3bdc28c90b,114226
de82d4ae89f6e8a00bf37542fc4ad0d35ef23fa7,114226
0d3d0085a71f863b2fc3d4835e468acfcaf822ea,114226
68f5c3bf4e9b6f5cc61fdc07ffc57a4f116f4351,114226
c2b248d03ebc8809cf90497198df5efb14b30708,114160
7a972402e599d0aba5a2bca2fa5d674087d04db5,114160
355a8010b6646fce019aba1f1b8b0f8d1799c33e,114160
b5c2f2c1f9c07c2fe248ff5b5c019b9d7cb4e651,114160
489a7311c0f76cd73bdde554c3c5ce4438d67130,114160
aaa994167352398e3fb79fd3d267d83bb90545c1,114160
7ac01396947ff895ac57b21158741150c326e400,114160
96663e6a25159485af831307e3b7094803a1e5cf,114160
cdfc06fb8d5d7fd8ec044662ffa4705ec422acf7,114160
f63b40ad2461f78d166503cb98e00469f432905f,114160
4d4bcc7e0460983e18889c34daa6782f1bf38b4b,114160
563a5c139953121b472662a193f42629fa817d1d,114160
2cfaa251d696190058128476f7fbeb0397be0bb7,114135
9085fe13c84387ad67bffa546c9fd906f2247018,114133
1c440a1758958e1be88cf5b74f9adf291a40cfcd,114124
5d739e0888b7a44a7f7735caa093060ea85ac4d6,114020
ad37a38ab3f11c0d2149081a34ca94d225670f47,113027
da0718ca0d52d4f3e3653ead4f8d3a907778ae0b,112895
88fe7f8ecc545fe233849236404e8f3a0b89d810,113565
6d51fbfa286c8af9ef549c4e9eb0a77f76c104e1,113565
3473034d9ec6dacd9376b45330b0ef4f46d66608,113999
24756a70275ff4ae45439b4c572ed881bf6ad71a,114333
3fb37f59655b1a8b2a5080f811423fad5862ba6c,114333
0b4294a2bbd037c0914d7f6d0bceaaefc1f357bf,114412
e96d5501f23855a7cf668ac578967f41c8901106,115056
cb9034dca4720d85c0ae5d193c4a47c87d0ea631,115761
c2f4cac5b1bd6dfc256bb757ade3f61e46b94ce3,113977
ae864b16293d5878f253f95814af45d2aa5b85be,114590
c46a4fb04e377df8ab00e97357a704ce8a267deb,114787
5c207e114e10b1cf6b7a68b90548c332dccd11f2,114787
4938e6777dbf956abe44b6f49462b8bdf9ad0925,114787
020f61954af5b04616aa97230b6987e5f99ff586,115009
427d508f8390eff6c5eea17c00d5b4202c8e06e6,115446
b9582a79a4a2f6e8954fca3103f1369a2b118c59,115446
ba63eb741460d0cfcf5512a86d57c7906287bbee,115137
3700aa2a7a21a7244c4c833f58b9b3882fc931ef,113995
21dd45c09a776eeea536b2478a91d281db866dbd,113997
0c9f20268ad54f5e967818b624b0ff4daca0696d,115551
532fcec53bc29cf013963941ba4b5eaa4d926269,115551
00d15d5d8b67282cb762b885ddd5cc051e269ff6,115534
a26228e5ffcf5b78529819a530224972220e8062,115534
b85eb81e5ebc2ed0153d3eda16e19e5837c85cd2,115534
ba0bd94d4e9bcc7dd77184f2921464585d88fd94,115534
861e1b68da65ba45aaf666d10ca2127556caf119,115534
626931f3954126b2af723e735d2fb4ff5da1d7ed,115534
54401d916eb4a765469584fadd4717ddc0327075,115525
6f0033aa8f0b3b89c6580ad63609638c853097f5,115525
ca8e76e6e1cafc964d2519a3b587eef80612f039,115506
4b5293a24c199b8f5cde454d568497724d49c00f,115138
cf6245f7b38b9ce1fb308fa9db433d67262af7bc,114010
6e7db116539b6795544faa2aac4767784c712019,115843
0f4cc3fb1354bc2a685246776944b081834d365d,113998
07e5dcf0b8e0c9cb21da898e35ae1410f07c2d3f,114215
6006f182b02971d1177cda28450f73c3cc889a41,114215
24178782c110613851767dac498203b91c3f13dd,114215
247c94adedc4d4818300d061e8f021ca5455a68e,114215
248edbe7e8868dc96dc1ff912c52a423505fd007,114215
48e716ab25924d4abece7d6fda63f6a156b61a33,114215
f3d3961bed54b6de45c4b048aa3cdfbbc66848bd,114215
7b329698dc4d326fa7094082f38cf70153c07d52,114215
ed8af8b852c121f3eef87f4063cec8e01c64dc12,114215
46fff8cb76e5676c411c3cc955206059fbafbfe6,114589
98465d8f8be7cf202b0ae2f3d496442cff9d023e,114591
79bdd8032ddbdd6686701e683a1adacc259a8d79,115576
3f969c698497abb4293179c22afe25f3d434226f,115576
cf95ba06267ef9c5b6dc15afa1e24c7c7a5af2ac,115576
52955fc59517e6a57b3dcc1f1a02f9797e1d60ec,114162
8b49c338dc25f5bc84c5222e1acee23e3a2274b3,114162
a1e4014cfa00d6feb1a02f40a84dbb50c0f3750d,114162
0bafce51eee86d1ce13e627e41481ded03e51ab4,114162
2ea2c37c048128c76fbcd2e0776d3fcce24642f8,114162
21923682bf400b3b19e239f67b0a4db9ed6e3881,114162
47d190be24f7042570f7e957039ace65c6d712fc,114162
8fef51057cd76fe5fe252958a1b939e9a0927914,115044
8751e0924d3dd372fa90dbdbba4863922c10ea26,115044
64b66141ded23ac827c50eb7e13f710c5de3715f,115432
a33f4fbcd9b5fbc5cb9aafcba14bb2d0ebeaefea,115432
ce315b30d9e25c915e34fd4305b4d278106cc29c,115432
c96a28f95b368f63a04c29f0040ae77f299258ad,115432
c2d40b301008db4ff91aad03777b8ebea36170eb,115432
e4159d980461022f2c49ab091ef5b6ef3c16e3dc,115432
0634e025290af183c3f54a22f117bfdeeb73dc2d,115432
be1d34f11f779cad75feeec609042253d4ff1282,115432
e1920097fecc7650a431aecaa83965d9720b8efd,115432
7087ef641e15171fb8518e4eb4dd4a007eb5941a,115432
94b8b43df320dc1b22e03d9813c584051c9e4cb6,115432
4fabaea4474c4ef61522e895afb079fea44df938,115432
c5a0d74822b2b96dafc09e535c79a7d3aa1a1aa2,115432
1779637bad76c5aa02e9961f27528dab04fb0aec,115432
2bd3db56d536769261930affde5001d60441755a,115432
cd1336de100c70f9416a5a5d41934718d077357f,115432
a43066427a728e4ed6bd5b892946810f9e722bdb,115432
2bfe692ec7be5e4d7809d3b42d98cc2bc8952e84,115432
dd0065b8344099a58da1af9e4421b7cf94e43b8e,115432
1894992b57d722bc3c4a5d7f3bb41b00a44fe95e,115432
24c7b44f0821ac90b0d5df6706f3f161380b03ea,115432
1f35fff1cf801cb44f1777ced869b3c207dc0e69,115537
1a690925c96019b6f8adb09bf1e4e902160f7c55,115666
a86976de42082b13d1ce0b8eaefabac620981d3b,115666
9020885cacadc2fe654eab21b6e0679745bb21a0,115666
ebfda7bc35549df88d8abc88e95c97d276a92f4e,115666
c03287fad0fbe13413eaf382d0bf5f0a564384b0,115666
1d19bb3d5cfb81dbdd7f2dcdc20c805790545cca,115666
0ef7ba8c9da368c0c3a57ccdf4312bda873e8d8b,115666
48a5319c5799dea96e399ccaccfae5d53ad05c46,115666
cb5e77e636d58b72ba3d66a24f742945df5f8d94,115666
1ac2d847d80759d1b5a42aa460e13acd1ddf5e29,115666
ebc5372fa512d02c80a4004d949426c8e758ef74,115666
7ea45b9a97d256f405b2d932b816a6331329d40b,115666
b469eda820ccf226089fb6039b5dd152a22cc288,115666
3264c5b31a89d488cba7f6defc82b8bdac3045e0,115666
23e8880d164d263a46c75d6db37cc7064bfe6fbf,115666
d9f0adba49e10e7ab6367dd32a751e3e814eafc6,115666
02fa00ea8b6e212e092685e421f57f3c74957e08,115666
405ca2da24d1496f9261beed7895cb015746f6eb,115666
a9e71e67214515a7320cf84a30e6d4a2e4235adc,115666
019ca3341d1a0a4a35730c46ab0580066b35904c,115666
922958402764196f0667b8bfa9bb43d8a054da0e,115666
fdf007728c0e032906b0de0d470e23adc8e6a68c,115666
3d75725363ceb8615c9daa3310e84610436d59d5,115666
3e1900b771907e0e781fa5930a72c58afff2baad,115666
0c55bc3327c781f0d6e3ec5b471f96386286738b,115666
6736c8114dbb2f788bd6e5df057e4e2dda495d53,115666
17461bc57b95182829104a7a76ce4578a773da40,115666
916e08adc12889b078ce42b31fb7d4483aec1c84,115666
cb6e775a0cbefc1115cd6a9679c0be1f2b298ab0,115666
3b90573230a67b3b0d3dcfc428126cc81cc35f03,115666
a601bd9f938afeb06138f06054c1596b87d25346,115666
a6c2ae77b1a6926f30cfbac6633340f7ca95c32d,115666
0aeab0da283e768042b1fe6f8db5de4bd6520095,115666
c35dd295dffb869212d78d8eda0512faa011889b,115667
41cf6fb9ce0941dc55b5620529a1d2642af57b8d,115670
23fe4a52a0f8cbeb22d3e9218b6ea267c4f9a157,115823
aa439fcfd550c52b17d544f39d11db77490dbd4f,110325
e8b2c72d3523c6f6d059f57784850e716b4d6486,115130
9bfb449d16fd348cf6ee50170d905558d5368f17,115130
7a72151634e8062acf64e461587dd0d8736e2be6,115174
aed68ea540b9aafb4ecf0503a126ff3f03c455e0,115510
365ebbd28af985dbb0114ac2e996a0ecf5ee255e,115681
0cd62bb7a8e61e6cb9c7723cfefbbaaab707b210,115682
3ed5ff657a3788fb649b9e7c661814a6e7d76694,115686
0c8a3ec66d72d869dbf8fb559cbc1e77a94e99ad,115686
3f033319852b9287b8e8549b227eb079273806d8,115686
05020334d020f82d18e774c8f0c67c2f6ffc5c0b,115686
da8897d42b252be669282f42da81ea709300f90d,115698
f34eeec2b88904ced9914f665422fbc516e83047,109632
df981140285f6f4b52a1263d0a19d7513a6fac24,109632
366c561023e660c648bffd8c3396a13d8d6f7c28,109632
916117d2d41e2d89a89e3e6574e7ebe6d39190dc,109632
ceb69f2a037cdf9bcb648868300ce47a04c89209,109632
094f7de9eff576dbc609337fbb717e9a8eb10007,115802
f968be4a8073e47738db86b05e2cdddcc87d0d5b,115689
0f521cd8dfd2811ffa580c98ae169f7b405b9301,115689
eef9b27433f56964076410c1159e65a446cb1b89,115687
b75da65bed9745b46290075fad781afec843e691,115680
dc86ab91d223d7d9569aab65988ffe6b885ec0f6,115680
b8282a74287a048c73e3280f2b2e11c81598efeb,115659
70540dbbf82220d465a9eb900ec1d0caca6b0c66,115659
acb3e514d7fab2bc9672acaba8019d2dc91b187c,115654
5c466e12101329a0608e32af428e31325b36f6bb,115654
b0604e0a1cfe99f4caaae79d5701ad0c62051b2d,115607
5f9adb9e98f15268a04b93df1f911e9e7c11f275,115604
2ac55bfe257b27e4aa1aaa578e18d4e2c5044726,115604
a1698dad7cde74ae551ad038f092396f7c57ec98,115515
bc093a7346cfb58d6c01757f8f29f64b04a23494,115515
7b600129faaba8bb26dd5cb3e8f17ed1cb41ea7f,115384
06bf10e3de16b57b864f969330188b59f7d69a63,115384
fde17f2c3de0118f3796c2a83958ee4ce4b5efd6,115384
1217b608b9e25125d887fa9e9fc5b8a2e8b1062b,115242
6581747db572b3bd7f61aca79629d3ba30fb3c7f,115242
df1b361c81087a9a397a56250b8c2ee89c913965,115242
5563032052011cfd1a374b6b5dfdefe6eff03eb2,115242
b68bff745a5a08c83555d4ab66e9338b0063afa5,115242
55e9ef8fa2065d851c2353998bf1540a0e04dfcc,115094
3300bdbc4871ead7e607c595fbde0cc0e60060e8,114995
687ae92b148ee00adad618df3a09cdc27fc4175f,114995
bf8bfcbd63731aabdca259de2515883ef8fc8d6d,114995
54c045186aff5c4d48c0904a838c61be4a12d976,114995
4bb78e7eca44d760ee8776207fb629fa7f0c7c34,114017
253315829d3cb5906c660d8418d8408d40bd266f,115807
f8b05ede94226b3f749547f46034cd87706dff2e,115807
700888e3ecff8474f4fe7dfa8782b8869053222b,115807
eac69f0eac2a86c612e94622e36aad13d1648ce7,116111
59052b4da94d7913771bdfb1146538bb22426965,116112
3b379ec594e665cff12081ff617edcd819c4d607,93033
73c16a34cfe41fd019a7793cd6584da1333b9c0a,93033
9ef7acd7d7d143050b6677cf422b8e2b571c4eeb,93033
22896cb8d6f23feffe4b637119fb3e974ac3bed8,93033
be500578848d4bcc2785e045a92da447b8f7df34,93033
7121f46f11132f8367c7d6f5fae8f704246fa0fd,93033
7f61bd8ea4f17119ae50b5b0a205f7d3386a94d9,109879
92086ccc91d559b965596e3ef4ad4be7a4b4d26f,109879
35a83251a85da3fee4cca54bd04f22f19d455b15,109879
076eb62dc3b86b8f434886587f1d3a4fb0358897,109879
cce85fd3e21b5702c57cc99af1b965b50ecfca88,115840
cd24209e5b5d30806b420ba156bb5b79a01b08e3,115840
5b6cc887404ec091cc2e6c1bb99e4b070a3268a3,115851
d46238fd276a1101fb52475480002c2ccb6b5e19,115131
d0730fd0ea78e44ba81715dae555caa424c875b6,115233
59ccf622cc6585b24c54daecc0bc0041237eae3e,115233
2be94fb8b3ef146dbf8f137c654de20c0f435133,110745
ddc0ea8c28bc03de5bb73f2b742cf879b0c5204d,110745
ae88aa940eafacc49b5e0b9a561aec537c5da6b8,110745
f5ecb0c337e26753a0f29b5d2e56431a79e44e16,110745
2264955b4df1742c374a2c16378382d7b9a609ee,110745
097001f187ba2764e9ef1cc7113b8da525bf741c,113282
0a6da68955f454edc41e4b916e05c3b974209fe4,113282
e1569509043da2173ff49e79e865c1348d1ae4d9,113282
ea445d87d256bf01e142b3da8694e4a20145999a,113282
e395e698fdcc28da140a7d64be7bc0d1792401fc,113320
bd42c9e5fdd234b56e14433c8fa2adf876fe3a0d,113932
21841bac751d575f4871ebbd5eee8d87202f1316,115929
c37d252e2a862dac3ee77e7f7f1a772ec46e2c01,115929
7f1c1f4f543076b61771cfdc3c4d511b10fda098,115929
5ee5d00d150044aa5fc203718f95afb4a0d1e6ba,115929
a110aaa0e3b056466af6402a7fc2100c2bc0b28e,115929
dd7a6507818a93ad326483bc960da353d0ef5d21,115929
8b81f7131ed4beb7121ef76adf547daa4296ead4,115929
d25a6f7e84b0fce1833df1e397feacbd3380cd31,115877
fa3d5b61deff093ae2466100db1747a9ed95acc4,115877
ba8627d91c8ce15c26224cbc7f7f92bb66f56b03,115877
9fd2cf1ac18a03f5cf9ee66377dd5366d9c3bc78,115877
4740df46c8f75e52ea68485685657330e1d5822c,115668
df424e8eb9a7f351950f27deb3c1dca5cb89fb49,115668
b1d5cd0641a0baffb233c288ef2ff6a9e33b26c0,115668
1f861037a63d9c0d8d20270457d4d07d57b2df60,115668
7287836e39b64b59d8d7d6831c8fe525ed60b389,115668
664a5775b062078a3072738809af777f5c0349e5,115668
60025d864b3362ccfd9053c757bae725ad39eb1c,115668
a34b4eb2ae575213da6c7d959b0ce5f02c5005df,115668
46e45c5a0f4f86e5c675b4e9ddca71d450658235,115668
13833f3db1ba5ad9f9beff03043247f507b669d8,115668
5418aa03517288bc30b9ddbad9b292c562f2443a,115668
cdae7585eae5bffdf1ff44badcd6525b80cf321c,115668
6deb1cd861003d02d5682b4237e1d3496acb94c0,115038
86fd6e553981b5473d6ec6e6622cf0fc693a5156,114440
9ccf9583f373f8c3f2c87c2cbe75eb213dc1ad57,114387
d73ef2de7b8364dab2a9fe22f577ab78b5989970,114436
dc1c35ef53ba73034340f84823969a7c08407607,109606
2cc8ff28cc84ddce7996b7ae718210ce0e7447cb,110517
8ab2e11b1a01ea8409e94d3dd1a8821982c867dc,115949
b422b0f8bc58880cc0e7734c6fefb3084d5006f7,115949
a92b7afd67675129af006a2dee031802a6dc7cc9,115949
8b9b878124cfd2f9fb6cf60336241c5a0762d168,116007
f60ecc3301a7484641e9a97e34d9326aeda32516,116007
18bc4748093f9885847552c565e170f0c7150929,116007
901130ae2d34b3db59af49965adafa722625cc8b,115997
a10d18c3be9d1a968574dbfbce6baee58ea398e8,115996
204c36b896fe8d68ca3cb3d00216f245f91d14be,115995
a048d9fdf00678b64093b8310b001e0fd8112c4c,115992
8438b6d99079732c53237d71e3f7b2bc706f1ae1,115992
d5738bba5cf6ff32ba46caefd6c1afd11426e1e6,115985
287d48432e30ec52030e637dedee794a4551d8fb,115985
7c93714c9e08cee7ed4644ce39cc3d590e907860,115981
73605d548f125cd6c52b84d206d5b8e1591bac1e,115963
749432eb72d8095af031468d501b0ae282baa008,115958
d571d1f4152e549d9f0e21ed0fcb75f834f9b531,113836
d2e051d6ae837fa674d16d4033744dd3ffee96aa,113836
5729cbb9aed93f6156fdd6f26ade6b328f5019f4,113836
24b33305ac1703826776fb22a302baa3bfd2c9f5,113836
0145be521b5fd0fb9a04f03c4090218255507f1d,113836
499a0d2faec9d472c31a7856ee677e20ccdd54d8,115739
c3b1fa0aae49733255a0b3ff56ccbb6bfc2c9d2a,116015
9e7cc806c8a281e8c45e00228a96c993905cfaa1,116015
c95d8a5f3372508ef24f1eda5bf00397d70e79f3,116015
4858c1e1afa733f003787fb0358307317937886a,116015
e6853592c7e6c26cffb50c1aeff5341aa21ab149,116019
505e454514a43b33cdca297465592f623e61ef63,116019
5414e92a5e2d8af6c493edab7ae54d90f8361461,116019
fe1cc772601e91e7ab0157992c39ea1145d44a5f,116019
66438d655bf86742da85d88c11ba3795db0dd98a,116019
eb2c410ec8949e7c7caeb76b070aea0ec335a2f2,116019
39c4f2d34d67e5c21b41c5365ba61a2a60f6ebf1,116052
42640af216237ae46a560b9818b6bab50d22b5f6,116052
a49b7948c40dc0cc535566306b703755dd8c674e,116052
954afb075a01e6ac8367b3b97ed948cf8a5dcb0e,116052
f568d0d89cce8223025334c1ad49cc929d04d6da,116052
bb399f5fb4db56c00ffa3f180521397ac4417b2b,116052
b31292b871928a577646d9461abbfd1293bdccec,116052
2d9ae560a827db25e333ea8fcffddd9027c9aa12,116052
b669d8fa12b25eb24cc3e402b31f983370d9a351,116108
f0dc851ead71be9347b5bc8c9cf3a35244e6875e,116108
269d5989d244dc44b2b69ead60463ae4e87e18b1,108439
0a7fe91c0ec97af09ee2dee8da15818770666f56,108439
54cbf98f705f324802959a3795fedc2d0ceb151f,108439
e339ce2ddfc7d49f9cc47c7d4cc151237626b655,108439
bc276c6052bf71ddd3e190889186e9181375b046,108439
4d9ad2d6f9c4bb2083d405466f42c95801552fcc,108439
e3ac7e9ed5d844b5d7605a193084058c79ccb65f,108439
a7dde3e5fa23b7334d08609625420c21ae8e57db,108439
51d71864578c08eb1a1201f87b46ec81c8609d62,115135
74cf8d3f5dd3c96a78d42659b9600973728a9c68,115135
f4542124e80925d26ccc305276763bfd4fc6ce58,115135
46f8af4f5ee472abc13b0291c44fdfe4ed879aaa,115135
bfb3448bd651387c1209fc9440ffb6f18cbeddb6,115135
26a8b8294bf28523c7aa2f15cf728517980ee593,115135
1edd25d595edf9ffff1b1c303aa180256621dc5c,115135
e0c70232d133fecdc8832ddecf4ae3a51721fb0c,115135
d141ffaca167076a4c69bad544b2b11f100367d6,115135
ba747410ba95fca8c30ae9f737015f404525964b,116115
fd3c6fedf6b639977a80e52b680b15672c31f3ef,116124
02e5b587f28d3d4717c18baa742b4a8d398ac1f5,116124
ef674b52f87a210481a2c6a4cb0654dac53f8c93,114439
5058917ea61b9d075f24c0dfeb89fdb95a405d52,114439
6fc4f27a74021b52c509e4f7912d68145dfa7728,115133
711d2c2cd13a1b94c5c9b5199855080bd354d5dc,115134
c3dafc3619538197514c49d24c2dac8c975598e0,114168
c2620b110e61656c6266ce5a02ab5d8d8ecfd8b2,114168
74035abd93787d9aae53a0c8a342b8ec2c74cdf9,114168
cb23722cc51991f5da103427fedbbe55ba1c2cde,114168
a7cbdd5459e5a687af843a5d4bea7f12e281cfb1,114168
92cce500263d97a010e60d581a611bf83a6c2ef2,114168
e140cd53bb17018a3401cd25050261d6f602175a,114168
ca5adce9f3d7c217b93635b83ee2bed05aa58501,114168
41e17aaf754c9399b5b020f377423b5f6f64dc52,114168
6c3ea463320c46dff7ed88613222f12bada7a4cb,114168
6ce11026637a8b71bf1f8e15fc8f242e315616a9,114168
3f28ad1994e135563e6d3e01b3663f7ba1efdc7c,114168
e52b3d7d64835ee330715f1ffbabc508814beb2b,114168
080d2e418b09ec565c242755ca88cf1b9688c82b,114168
7913bbdb17693f132c9f6cc05c490074fd7c11f1,114644
0f0408617f65e38b2b2f86b69a68576a3f21c253,116140
d316f0266f6d9c742b4d20d50b4b38c0ce89c210,116463
4deaf24ee3ca93d0cae14e3d2c1d456a93b58574,112661
637647f0b47962d53b51beaaa8239cb7f5a666d1,112661
cc17c8e518cae83d4ecb3f9ccb7c9831d479ee00,115128
2335f2ef9c7108d538949a42bf8e1879140980bd,115439
3bdef59f6b391beb5d0eeef6cc623a6aa0fa4457,115439
40d48c4a04f9603b5867e39ce6e35ca32186d4dd,115439
c86466795899fffd853c0237ab6aff571ba7d8c7,115439
16f946f55e5e0397169ffe2e7b6b521001905913,115439
6e269d240ec70a4d5cd23d0c6f6724efdca7deec,115700
e0f7ef6f22c394ecaca893928f41f11a7265fe88,116050
5d50983f8cb531c044130550c78b59578850c4fc,116050
1652fbc1c2060466101082b540230e109d70008f,116050
ec552162f51d008d83a9af0ea1489914590288d6,116050
3c6fa908cbdd831b0b2918da853834a61eb38034,116050
1de10c0741954447e005faf5f498048fe4a0a60f,116183
101f82a7f3a90c5382141cbcb2b7adce0d455827,116183
79b829e3fbb7ea2a6d7cc44d6206d7ab88f58ea8,116185
7bc94850525396f3410fdc69e3b10f7896a909d1,116186
abc01db9c24c5ba708810da00cc17d645f074b90,113172
b763be9894cdf0004df078bc4380060a2adc9277,113172
dc337662fd3dd6c2bbe32934f4c41e9f2cbf67cc,113172
192739090358c5456480b1672e1694f865da0303,113172
6c32a61d1d21f2611a9f71bf279e9ce8b23ce4fe,113172
2f921b29df641ef5221617c4c29a56ccbde4a77b,113172
28f7ebb10cd981c1b143b2c13d74f2dc47249993,113172
6dd2bf10476024cb52268253a5835d1d050fa2b4,113172
953835d93a4f75211d7ea1a89d208e86d4c2e4eb,115273
1154e92863fa8c85b9090347318d37090bac73be,115273
44244362a88da97dd5c58fd6fc3d9e8d72168e65,115273
6bb7908fef4f58940315590044d9e07a1030da76,115273
f57a974408867d75ba1c4ea69bf4f7b39a5ef845,115273
a2833d5ec44658bec0687bc1ffbc7594e920205a,115273
2780ad5ff43fdc8d9e14507d861b25aeca9519d9,115419
2c817d128c2c00b25dae2b6dd368aaad2360175b,116200
684d04fb27a72f7b78b814a40ace03c7160fcaec,116218
7a7a94c72afec75b634e01e8484f55098a82ad90,116252
8d9bbab3476ae85b3b593c97ba80d815938f1885,115301
0c1abead5cb9a817814e9561c7dba5e05a000dc9,115301
352f20ee3a6e6a98deb709a9d88fe0fc6f41a328,116545
bfc59d8d5c730b9a4fd8ba477606db666f59fb73,114849
cf0859f6fbe0b5ee2334bd0d371bd64cf82ecb86,114532
2afd7ef33d579a4f13d0faaf66499f6a8ebcbbfe,114532
ade620c4d9c3f53de3881809c2365e643f8c76ec,114532
9b2adc1344c3ca97c3d50ee8672fde47aefa1baf,114532
8a7b6bcccf4ab37df95b8f0e7ab782b5536af560,114532
d544481d9ad9c711cefe984c5ea926d71cb56341,114532
57a7a483d88a17b04d3653b86cff10217914241d,115800
86dd2f3b0295bd7e1d796ea26c4edfe9e8b0d8a0,116297
c5a12dd6eb5e5502080588d2f4c494bd5b15fdba,116661
c2db4e2095c18a776a824a8e63693e8c44490e24,116661
d843f797f42a1c0b66987d40cab8c3b58cd70577,116325
394f06228213175163ab0d4a4db3f541749216a7,116325
ae7a0e59678c10dbb264f90159a7378937503915,116325
e20e20b1044e3d223c7a93f6d39e35e999cf6794,116325
e0193fbf4a12c1c8b6d375128a8db05a506bc363,116325
9c84e785ac05974ed908d341c2ed1f41405e87c0,116325
1c265194ae110a3c18f1c1c2cb981c777e180724,116325
a67a1357d5b51e0aef8a8b68880185d13df8a7a0,116325
1d2e9dbeda798d071afda137c7a7b42e45755cae,116325
c79980736c1a05fef7072541cdf6057b0010bde4,116325
bfd4b09625be983dff9e27ae9c1a5a37cf690a20,116325
33ead0df853122bf4ece191592fe06156220c20f,116323
1613004c7b94659a562effceccff4bc5f5b81d6c,116323
e7ae602b5c2000f87fdb2f395c6919630f552a63,110251
dbdb7dbf9e3fd0edc338db6509f08bab07ee6b5d,113860
55a382cea61201fb70a848538a17aab8e81a415c,115160
fc357f27cccfb1b814ad443d20569a3c38188e9a,116339
770da7968196874d3594ad561babb9f6d8584310,116312
ba1977ed6a24cf64dc57c8053c3b19f99b07eb52,115959
ba583b950bd5707fe4b6faa899def1a5be5702b2,111196
184d3d49d49276b33daffe4ac37779c1f607fd65,111196
4bf158c117dbc4ae769d43d1620debbef9290b83,111196
d698ef5a7277c6824df0647a8b46e8cc79ef3ece,116281
f200c5bd84918693287672d26f19a2d68e017337,116736
59c947c71f3d9ab4cf10fd28846e6ca4a3d53819,116373
37600d4e4154100713eb43069c3cc92010d3cd72,115952
90682bd2583c45461eb22a916371c6825a812557,115952
99598a2653e03ebd96979b567153f72fb17df430,116459
bfec34ad80772ee16c2a0473a565f6cb38c64363,116459
008738ec18178c43ef2fef7c5044940cdc960aa8,116453
ee78599867c44ba0321e4ccb0e81f5820f8cc0c6,116372
c0bba90c366a395d2b55f3637aac066ecfb7757d,116382
4dc75cca50d336437c4ea89ca11485d096a3e13b,116777
12759875f6181cf3a3b520bae77f1065c0b859fd,116777
bb437bc00dec7d994a10c1ece80f9b3c3bed30d8,114239
0791e4c24eead9e79b85a308ab2be985f23dbf64,115171
66e3287d74acc5febb1abc18f1fa8fd93d7e7416,115310
4d65fd57c4821f1e97539ee796eb35c5c8a23ab5,115310
7a0096b5c9a2820eb3782d05fe520895138ed6b1,115651
9a9591c840ae500f9f4c4a0816da8b65d7e9cb72,115792
adfe1dc581423dec5a3d3911bf33d80c7ec2c529,115909
7ccf8a1dc0aee712174cce5ffae9cc00b38c887a,116355
211dd7971e4d9040cb8dad92ced4a9d566bdb370,116482
e1991840de33bf7adc476a5e21f8dd6230e17825,116838
bc14cfbb1b20abaa0fb1c078ab896d7024ca8798,113671
8a9e6d78a4cd0d985972b19fcd2461bafab43087,113671
f77385c2271e8b182c9cc51dad911c1d25a76d04,113671
d97541ecf2bd677fca8686026ac78edded97b55c,114983
3c939220e0041fca95f09bd7297f35ac0d5370d1,116512
281b5743d1830b1b164e7fe2ae3c4ffc39035591,116538
93db4e5dfc8ad37286a97dc5f2c1785aab3f3165,116854
0097ba14e76249acd764a961ba688f62af574f2d,114137
ba8f1abb55e71dc211b4da6db488e2c01488bb91,115863
2abd8f6782906e9d9707f6248699028e7c2360a6,115863
12ffad55860c0dc803bbbd818486116a6a806ecd,115863
ead4d3c47954020b22bdb63e4767665bcab4bea7,115863
9a7402b79513cfd2853503820c226c857fa675e0,116326
ee17b5b873e252278a2fd49930a5a0453658b2ee,116326
6a9f99fc4c8d510b4eedf158f9dda56457d09c99,116326
c3ba6e8deaf736b4f242c3b09b2e28d350914b92,116326
9a15d0632092481f333ffcceabf1ce8e6a9cc811,116326
29f3db5f5803b3db7eb71f525be04dc5b7225c6e,116326
e70e7969d21cc12d4ec861f673189dbcdb372063,116326
dcaf22a2cd6b73e44be99bb6afda696e464727d5,116326
d985bbb8dbc675dc2799a8779a224c2c304a2c3d,116326
f989efaba82d5d952515bb9986c42018143d59c8,113770
0fc04772a0630681633b71341d9aa91016af15b3,113770
14a1ba1ce41fa9c360757fed7e3b6d80a25437c3,113770
e89161007e3dc02d6a9fc1155cce16ecd5118bff,113770
9463713ae49263ae4d21ff27aacdad65986cb5c2,113770
39065c6ee6eb2874849c675e06c74094c962a1d7,113770
4800c4dec3e6835cd5e2bb8cd083aea29acb882f,116924
d36024193484c3182f278d4e05ac27431a33de1b,115627
d4837e7c62beb2e8a9f4e70b9bae61dc43ffb59a,115969
82d743a06635886c346b6fd293b7e3f6870e1498,116772
548bd15bfac1a3bae1b85f10ff6f180373fbdc85,116572
514acfdec492d83884b723e243a06131df3f4fd1,116572
89dcf85ab051e1509d3883599b21b4d6d68b9bbf,113644
949ca131d67ba444471d1764c3286561d897683f,115376
b3e28bcee407ca9b0e4ee985b8b3d90f19f3f2e0,116099
de7466e9c496543dbe6af8e6f23daebe7b7ea9dc,116640
eb712322e83533261aee66d550325d253098d442,116651
f9f9dd8796256875a324095fab9cd18fe9790d91,116651
6834471202694b1e5e98e65902bab885bfb3c78b,116651
7fe0fd9b787c20c9477b3a4e9433eb2ea5534a23,116643
16db78705b575626dc3d039955bbd04ebeb4ec0f,116747
f28028e7301bdf6dac016ff86d0f88d0e7bb0a63,116747
415b644902d8abdab7cc13c595bf045620c7853f,116745
5eab7120e3c06f413687f9ae31e1048c1b91e55c,116745
be70cde657ede0a5f56e54adfa7dffdebee72fd5,115378
10a13c7f737cb9459b8169e762fdb58107d47a52,115378
dfcf69d90ce8f07fae99c67e9566e314e7a6b43c,116032
769a16c7c3b7b35442bc6e3dfc0026a3d48bacba,116032
fd1d5a508670c56c08387c47c9181b0830a27a59,116032
9c36938946f37571590d896877839dc79b225d9b,116032
cb2339472a396c9ad618d8a0af1ccb4e6c4b3346,116085
817e92c5184c0d64b8cc6537f4e42ce1e5b635f9,116085
b593fbf11acf7eba171d7124d4a97fd528949fd2,116095
2c8ba637b116942bfcb8d75d054e95c2e435ab9a,116543
59db357488753a6612be19bba1a39758b57ab881,116543
fc08b0535eddfcaffbecf94a02b26d6e70df7271,116744
c96e3a0e4a8422c2bf472d58b07da28d7472ce3a,116665
c479133bb7464c8d309ded7924b5259777d6ba5e,116665
e91a72aba924749a83f9d8c879b9053598d0de79,116674
514922ef29afc7d6a36bb4e0cd5419bf21b8d8ce,116501
5f851f1d91a7ae6a1444cc8e24831c71d9eab16f,116501
7ede0689daf2991c831ae6f7fa2efc2e8ad45da1,116727
cacb634cb6eed5e9f30214e8b13ab26fa2ddda44,116727
787bac6f53d6e75cd061825ebe2579cfe77351d9,113960
e2427155e8bb8d5f90b2c8cc9ee0250dfc25632a,116788
5489c23814e36b09131e78114b62d1d0e3edc26a,116789
bd38a7e7084fde0faeb90e627a06e84ad7014217,116757
a6658f06432c4117b60c638850398484131e2e50,116757
f72cc8691e67fac13a490a647b198a3b93d2af5d,109136
be7c1c52bd9310b2954e2f8b2bdefbfd2670f87f,114999
33c3b42a8c669eb22481274cf582e7687223391d,115276
3d292fa11c3d8bcf0efce215ec1a8ce1b8cbfef9,115276
b041ecc79762580ac3f925973e39af27710bd157,115938
2590e12cdfc5832bc68f730ba2782d271670a796,116511
a39ff7fc96690a5a98d7656a0a22397d444472af,116511
7d0efa35134141bb1b1527f9078d2bc19e67168e,116647
abdc9ec15506b09884bbc0c6c45aa6453740f40f,116644
7f56f7f8620a978b151fe5232aaee54e76255b1d,115673
bf481c934b4ec85d5cdf9b979a1798d4bc5441a3,115673
b2249055d4907bcba9263ff2f22288ff65a640f9,116799
fe12a7df440a7a5a2286576bef33b742e8b65b7c,116749
4a2a892567f0cfdb09fb3db40979a7d2168c2a7e,116749
ef51e0cb7a4b1f08936d1e9da5fd4d519eb83c2c,116749
e45db1ab9bafdfba8fa0462125d24e6111b2d812,115862
2909b065437e61a19a847f9123e43b275f22f50a,115862
9d67fd8acc8d80d44832b64cb6a05889a2b1b961,115862
850ec523fd3cb6c468986ea747d710cf75412c1a,115862
94619d1410169b0ed1e4a8bccb6df340b8d928b4,115862
3f197f0cc705b6e4cbbfcb4d6a4f37effd1fdb1f,115862
7a26ecfc01074f7ae44784662173c16c7a359c2e,114019
0dae14585930f088df60119ace17d2c6369785b3,114019
ece7ca79accf4cd2c6f6f23bf6c4bd36f2efffde,113894
b168ee9af0bf98e9aa9d73d3aea017c50ffca129,110466
adeeb46e94733f444f293cbbd2b64a1189f57897,110466
d3299d53b1bc31e5b349f130e7e0f8cdb0a6ceed,110466
fc704588e314090529aa8737896be25cea5bd0fe,110466
b4a3eb26d70451d8bb7548428b74b0afa3576313,110466
f64becc768706d1f22713145e3a679d3d0090b73,110466
45e511865ef53f7fd87fd47180caa307d90d4a33,110466
497452d9250e214d4345befb7a26dceaf2665d5e,110466
79bd5189d1419151848a18c0cd26545f2bcf6cd5,113976
6db0ad7652ce4b9a57d39c8f014808cbd37dcc07,116820
0c71b84557d03fd1d487e2a60f6c45854ebf9415,109967
1377c514c9e8b68c4673a1bbd7634835e86dd4d1,109967
0cfc556d3f2293644785bf7a2f25a296e24c6ca9,109967
f5f18109e3364f969b98d603107ecfb8f505e2cf,110847
c18792a4b5bedcf053b439c6a54c78361f1ef849,111195
7436bc57e4063d2d9aeb6ca078517d3e31cef420,111195
1164df6c1a9d7ee323fc70e65862d5ead917b8fd,112822
1de08e0b6e08719d83a21f0401a1de234106d563,112822
7cfbd1f449822eca095ac24af23299bd35ee2d04,112822
3fb6e7d21eca7595ba1504b3ce4560c27de2f1be,112822
66f253efee7d055ee495957e932544c7bafd91aa,112822
3792c349f033cb129c2b5d203ee3b66654541bda,112822
5bdbd5015736e9a2cf75f162224fcf43a21ab959,112822
2f49166de95a13542f4747890b17b5d57b734b2a,112822
7f4b68ae8104ff9fce5cb0d803874288845af3fe,112822
eb06c039272f5bfcb96f88acfac075402959cc6f,112822
13542ef64bbaca35f25bfa6157fe6c3def14b5bc,116790
450dc50c6bbea45316dc29901051663932217bc8,113235
64396774dbc94522013c929e4a9f6cea56c03e24,113235
b5e767e8fa6401ec1837f0062db3dbc9305624ad,113235
4a583d2b7a623f887724db146b1033d6d3ee22d2,113235
7afbb1b5e74025e67f99ab804acb98c96244f5c0,113235
0e82688ee6e26f76328822aa5992f685f890f2bb,113235
0b91e76bcb32574ce7859b0ed6ec0f4f37acd7dc,113235
39a9edc0b2f220eec2a8360afd338def6e0b3ffc,113235
f3612d124afc99514d4f0ed0d8bcfc3dd76918b8,113235
dc26dd64a48f00005a2f94668d2e8351e0782a18,113235
0f97c5df4b0c1e37662465321262049ad1db70dc,115373
c4e76e2f8e38855cc6b99bb7b66e430e2516ca20,115526
6a7a4792752baaac741207dbe27a7d636864cc0b,115703
66bfe3b87b364169ee3ad852ad8d7cdcc89f5523,116105
a097178023785f3bc0a925ac489e490521ca84ea,116105
60f7fee438504de29f2473d7a8d0535235b983ef,116105
29dfa4609f02e15a2dd0b4664fd3fdaadcf6606a,113070
ee39aa8e89e31f6f3399a929bd01d0b8dcb8c124,113622
2405b09f2e6d4e15a5faaf64f96121b83efe4c14,113965
bfa60eef01e68a9cc2bf54f8d0973a41ab60c99f,114277
de17503453375d31bd8c5e0c076d1f0f68c82d13,114319
fb1d7ede614bcac5ce6704912116ddf8214e9a3c,115371
2623404398169f901c86a841df4298a09be22889,115371
f0a78a413d38a912d0777259a85f0ffc00a16013,115371
5169f1993d367604689f2ec3287f088102e65bc6,115860
b49d4fd18b06c1f32eea4686a47a8cca912bccce,115860
20fa630dc508d0758fa33197704f29741414c45b,115861
bf9f0644afe8545b5cd2e9a5be3638e489d5448b,115861
56ad06895a591c43684c89d65b9b5f82c98cf4a2,115861
0627bcec9ceb8fccbb20256458507bd12e0ca9bf,115861
d7163331ea58c05212afe16edc13e20cd8c176e2,115861
ac77a499499c62f4b90fdca82f277cc2730f3cf6,115861
9da65555150b5b1019077616074ddefc01768f32,115861
8931b21e78e557fc72bd9a708bf11791fdd39488,115864
3ec68041e5019e614cf80cba8af11b9851ed0d71,115864
853acb1c1e13e371fc71ce53053ab00faa4301ab,115864
dd98124dde3444885175fb190ec890e074158e9f,115865
331be29d955c7973a2c194a80c1bd8dd56a71176,115865
c9560454d92e7f7c4f9f1ef950d27e0886b66475,115953
b5bb6cb2446f61c8bf8847bdcb45bfbd204a5143,115970
ff45ae8509aef203b06c9d281df4ac0d6fe29bed,115970
65a18eeeceb9ef667169166795faf7afe6145f38,115971
345be80a8726be14c05ff49f0158d72a052cc22b,115971
bb5fdbd68c1dd1fc887607c6ea6d4fb4f3b1e52b,116091
f9e2414870756b072512cfdc8b573de059aaa20d,116092
21349513edaf448dc6f2f8b4e4d1f963ac6ebe24,116093
3910c807e2373f4e9a6edef44ee6a189098ccedc,116649
cbaaf3e9dbe08be21f01bd23142e1ffe91fd4db6,116722
3259cdba3f0fda4476a175e235ce0bd7ed19fcc0,116722
5226c805d41daad72cf76eaa9e424becd3a9dd92,116733
ac62ef051e82c33ed29fa433e976570ab28541e1,116733
de2864dcced693e9f2e32faa7c3aac2e8ea93328,116827
5b73b604286638d6e89e7de6f62420c3f7a4a419,113417
5442dabdbbeac2e628f12ca768729cdfca45a76e,113417
c2d5de2a0ac6cb569e014116967aba91501bcfda,112503
209a7fa6a3a1c55646e4072d9c56d0dd3ae5080f,116713
1e3a0723d9b66d9295848070bc9ee43ce150dfca,116713
32f160cb55be1beb6f4eb62d95d971e4c29793d1,116903
4e85747b45c47570fdb244c1587459352a648dac,116072
02cdb2f1525d60f1fe078806f9978a90fdcfd458,116072
c80298d51a843dbeb5b6df77d4e5cc386e4ce063,116087
3451bb1e1e9165844060551164adb8a756e7b6b7,116003
18591b675e8ed8faa692cb620ac59019babffa81,116003
f6e5cd6d3f915b1a4b81fcd936a4760fa85af38c,116003
1706b5348c7c01f89eeb4616493b2267f14c6484,116003
7537c2368b8ed6bc29aa582d0842f2417eccaac7,116094
9d664a7dc40221ded4fc04a77384a9c8c1cb423a,116096
5e48f97cfddac659090eca9429d7b214cb96e927,116198
660bcc45a286f94ba930fdb759aa474ca4ac0c1f,116641
ecaaec9786fdbd91fbec905d54e6d4181ceaa42a,116641
85f24245b765823259d6acccff328b31a7e54ed4,116646
30fa35b1d23508203e78f58e33364d7341c3adc8,116715
f4ea8b9f8b0831a11f5327ad9dd9f3a683c9bc52,116748
28e363fc69c21eef6cc3eeefeb0b99abcc67b31e,116748
cfd2d6d5c13a502ba00ee0cbfc48468d16e9b155,116748
0a22328a73f1552d6a5050937e4a4a3dee784147,116748
d9a5ce26ab93b04661e6898961203fb7a817f1ea,116904
ad12f820a8841453f3fda806a24863b05f87dad0,116942
97c8c661aa12b8403142eb1678750906098b3c97,116942
6a96770a1ea8c38a54a45f892c3e97be0f7dac41,116955
41fe8752c58ac50de503318afdd0ddebf110662a,116957
289c14b9103b44cf05b3ecf20eaec6153b7dc3ef,116963
8e04a5f7923c0a848827bd970ac5633e08eb091d,109088
ed8a7182a2f80288c4e3af999a7e22d18bb29303,115329
a85a9faf736aeed94accc1456579cb7986dbe39e,115329
b00f07ca226374c8fb70ffc2eefd9c9837989043,115329
2bb8c7f2f292e5368cc2a362df7aa3571ad37f94,115329
4fa63783b0956f3f6f11741d5792c9ba030214d2,116393
c8c1675e09921e54c6f90252137b05fb9fecc1ac,116944
ddfc6f578356893be8d1c5cec4304d01b39fdec8,116944
d8f979b0195c4fa8a5e5b81e1affc2b67199281c,116944
15770dbc7d369ea5c0b1847f7be4fed6bf0c8eb2,116711
8a2f52be7a9f1c9958f7c56e4e3bf7964323fa3b,117017
dd6efdf7157d503ab017f612a3ca052637ab85ae,117017
bfa86d7af6048f8b375c9e2b76e68d11d035e144,116652
3467596989f1b1885043b97c5be80d0fa8ce7f49,116652
28e97db922c6dce8adc92c32129e385231045e33,116652
66381eedb5256da9f43fad1ed8e32603ac8d558b,116652
e93271581ac4c407e90df37f6e530d59cc3c7d0b,116652
fbac9c55c1bb1fd8f6d6cc7852d3edd217cfd872,116652
8a4eb71fe0c5fb2107b69b6e32526f894ce1aaf5,116652
3f5a761db64c367ae3d16ce982d8f7abcdfbb0f6,116652
d4ce3e76c3742c8d833f952ecb3a8f4cf6604f97,116921
a14e3675b92e4f83e547db3bfbdb9df8cdf1514d,112964
a754770b4cabba3f211770a5ab7962e9ff866294,114234
f028c70a456ca222d9626d4a0740a8309577b292,114234
a52423919933e5221fa7ca7ea32f8d8ff131817b,114234
8cf02b0423df8072e456a782fdb278771db45d37,116001
5389672ba0b873df170cfe330ce12dc0a7a2e879,116712
cb8b633d62487f62456e13c40b70cfa12115611b,116849
1fd56d219f81f7171a896b806b661180627a9e15,116849
1f49157b843af02bb0d71c3bc6ffc9ea3e5cd6d3,116849
3add82a0caaaf49439a55bec29fe85ffd4f51666,115079
f9c79718e3a1dd3c271a23ecb939b0fffc890e4c,115079
a763943345793986c837312a21b96c80dfe75106,116353
f74cde92f6ea5a23e28d84f4564e442d416039aa,116008
658b4237c3682f8acef553193464b76067a686f2,116008
3eb7da570d7a31f383de37fff838f6b87337cc56,116008
65188c932c7e20b17c7ad59a1921d2d48f9a467d,116008
f169f217f2c35646ec1aca326bde87a9e2f9eef6,116074
f6d665ea7f0661a2f6b7f6eae7164571b5beec9d,116074
a059dc3f171ace3de1053016897cee880622bbec,116098
fa6c87eeb1f94f87280e7df9709eb487425e8172,116328
5524bbc3e4f326be413a6f309b94636f3918c1c7,116360
bef4b0c61411062fc986e6ac31e3a31aae809652,116360
0916a30c7486bcf922086f2dd7fae7d975ad2acd,116360
e204189774a6cef47fdcd7b5da6fe0a345e7a7fd,116360
55d0693e658455dad58dd5f80554ec9f62de6faf,116360
e97f09891cf0c8bcc3a8e14f421a09c8ff87aef2,116786
55efdc9fb18cb59408e228d7e0f85e669a30c25f,116743
f772b74c01db31280489ca70561b8dbe246181c2,116743
ce65ad9e81a8834c10c8520d8e1248800f57c0a3,116743
dcc7db008e2069a0a1d8ad40388333756c93b3f9,116743
27739525f3578b03c246e5fe0b5c2626c44821bc,116743
a24d64007a9ee19392e187a2b580d1a17e2a37d9,116750
be39a96bdb2634d7fbd3ef5937ba20e1a0c8e5d6,116750
9de54fa5f4b66334c10784bf6268202517a7a90d,115546
bce3104bfd85446c986206f0654db8bd0a91b0ac,115546
5a779d1b3b07b4bafdc2a9f1aeb7713fcd737771,115991
f35f474b81c325d46e10b40be99452a0be88247f,115991
20937051d6a5c8da0c12c1b7204c1f45b433889d,116629
5908d858b19e48c1466c9862a53f1b53de574719,117161
e76f53a3d6b68b16eac880c39586bff7b9c4777f,117141
26e8e1fdcc8da4c3d7fa913a2deca62346606d9f,117109
40a02468605c60dbc7c7844b08d68afb743c7a1d,117104
c758d51ef1321c4f23dce06f8ff952f9650fdee4,117104
0ef7d23a80911569557b83455b8a3244543bb0d9,117099
308f7066d1bb1c7e05cabc60d509527804436518,117088
f6c9d4224bfed33b21ee2465215d2ae28d89de26,117085
8f68a310ef44e9da45945ab3083f0052b293ef3c,117436
aa51bac4d2432fe106b5815584b2955211ff4fb8,114942
ab1c316bf56c434859012dfc69966ba94050222b,115677
3a463df499714413918a6af258cbeaf8cdc544c5,115755
58c9e2b6b81a87fb7b6a3ca04af08e88d6f6f579,115755
13d9e58382745c88667c0eeb337c0000c3cf6fd9,115755
81eb5db08f68162cd6f54f99113aa1b6dac71a13,115836
e3414c1174d74faf34323969f97729b04d2be3e7,115855
391abe5392eade999d9f410d8b8274081149e48f,115855
e748ef965e65662aa7b596677b6615ed28b2c7cc,115855
fb30cb59206a922cddd743751b2d22fc27ec334d,115855
8a9d9c6b3ae0bbd4ded736756a9b2fc2bcc546ed,115855
42be044ae82b545ea40a9fc058c1209ee6110f98,115855
0be3aba9e101a653da3e9c5da651fc33c73c9a37,115855
af09c37a036654719c38d083ee562b8ad594c203,115855
71dd77264c94e9c1ee7241157e387b8dba6f2af3,116354
0c345a0c1a7e3283a3a8b6d431d9544ea9d715db,116455
a345efb0034ab6026db01bff5a57f16fc779ab25,116455
e67a8763b60c49cfa3844d86d2f3b62e745a0ca3,116455
e7434cba1e54e4de0bd53154789d625e1ec312c7,116544
38cca013688507df3a785747e3dd4f1344b0e966,117217
05e17a4c06db2b3876e312549d4745770fd55867,117217
5cc0e888c730ae2b2031e7bc3d3d9fa7f077faea,117081
53e6d7138ee77c653dc29d23b7eccc3fb7bed543,117081
fb999ffaaec5b4bd58824e6420f626710417d179,117145
cb755c828ac36f6db7364f2d163221fdc4c41184,87083
8a53f69796f0c437c792ca9163446b5d181bb5bd,87083
364df59080e26b6862e0ca0eb096c24a7be9ed9d,117146
b0d3aa6c46780c012ea5a3e894c5ab93b003b07e,117146
c1f282d4cd0b5bf52814625c62ed929c9876bf1d,117147
2ef509ff9e0a95f569eb670f21338b4f936d7ff2,117149
b8fb77958ff267b6ec43e50eec0edf9daf654b7c,117159
7252d109f593c4f0aa2d76cdda85e5c5fb6bae42,117160
dffeb815202789cfd64b70ea2567180d096f8ba8,117187
8f58829f20dd9babe8ae64c79c72d4497ab58bf1,110673
4ce2179187506fb38e9e4e1ad17bb6b4050b0af2,110673
4bca4776c9b11140ae4debed564a63573cdc58da,110673
7e255fecc4595cd07e1a870fbbe7022a872baa14,110673
92596d7e5e7bcfeb97c3e5560335bf88a9a35d74,116282
43c202d2d57b3529f2f48f2ee5334caa63a37199,117158
516c22631886a13e8adac63a3e7dfdcad962c0f9,117165
27150c9dd348690a6b41d3992dd5d3d1458fdc66,117503
f5dcf44e6a1a06e17069edcbec2fc93dcc8ecbbb,117267
f1a0c6a9cf32178bc70374a20223d749b95142ba,117162
489b9a4324c436dfa91008bcc4b5fb35bad9f9c3,117121
12d57bd8726f7eb54ebe6ac739d6184075830a1e,117121
56afe6e494a1e444d2b553bf15acd46bdb97cfd6,116981
a2edbed894e4637261840818b994357fc00e2394,116981
2782b62e0749ecce95743f6ba8e3f39fc3de9c15,116606
3f3f1144dd203454f2a3ea1af955251dacf9663d,116450
79327c5cdb884dd447a455d65eede8c370a29ddd,116450
4e73ae0cdeef386a80911f77004196f47e8aa117,116449
6119da5d632594131304dec85000a75dc17743d2,116192
18a3243b21ef6298988a3034dbda2704a7ad73a4,116192
b55afc33cd2702bd824b0941b2bbe1699578b5cd,116144
7af8eb46381202b26072e70f0d80de69120b52eb,116451
b00b6886686d67400fe8d38e9ac5aed1a47d5600,114119
37bed431d8a6d0e919c6249debfc025792c7147a,115811
18fb3dbe6961f9f3b2731b9d78b8628a9254f6fa,115811
941c53f84d7b2a2cafaa63ec1c555dde68cf8e12,116191
cb4168ab3f6bd1bfc26060fd33cfcd00e8e641f1,116964
4f522033f4fd70ffd423babb2739f9bf5bb7ac94,116964
a0f307bbcb7d9f55600441190bfae8d922c0482a,116964
45b80b04da5a22800f7d49e564b940dd1b377773,116964
b5b92e8992fbb75fc5ac9fafc8fda9130b8abf11,116964
72888dccd889b406da4bee09ccf880ee1fb9fd9d,116964
3a18beaf9eddf27d36059ddf1e0b7dc05f5cd981,117223
323fde6becf83b847a2620835477c26c2319d91e,117271
14568f486e4d11eac8765ba785dae30974d00765,117271
477eaebbb73e8fb950555d0484f61c35e426d1c9,117289
94301e6acbcb50a6517cc75ef022e2fbf174d327,117289
89ac2d181bc7b49d9076e5741fdc6563c81a6b72,117289
e014d85cdd6e5a35f438b436e647e12d5f0124a7,117289
af10dfc17c6fa3b08745650e850693fd16551323,117297
75ecc07bdb0f60ef7f05d0d0516606b78d4cadfe,117297
3853d52ce4365a810cd904f8547e38399d79bd1c,117304
d6c660d6194252ade033f6d728047a97267f4570,114127
bda0a8b45058fee3ccb4a7653eac2fbd325af246,115888
908fe08745a6782ec07dba64d8bf0843bc1742ca,115888
3740a878bfbd9a8ade618568f156daa59f837e8e,116005
15d8e97ab7d578210496c53d01d057af3654f687,116005
ea4ab76115a794104d1170a51dbe3e5f4c5fd6d4,116036
3c6d31adbc037d4a8c3cab1902c5b65d6e7a7345,116036
d167d885cf34fb6698a4825466e296f38e2c915d,116036
328ad0e530b4dd43b6098a6706f94c04fc3943b7,116634
d1281901236c087e3697dd5b6f2fdac904f76fba,116634
b1e7a0d408e74083d9f0a88a9892610d269d6ec1,116634
dde217c0987db681b58933cef802618413e2614e,116634
e1b7a0ab09e8c212d47923bd00103525b4c206ea,116634
4f0a628148605893f7a520c3498438cb79874dc9,116634
cfdae66c82638f55debc4f16b80766e5846032be,116634
159ab1c09fd24f06936790d1d4e1e48a227da208,116714
023f1b5400f9fbbe67a8f34927b1a170e21ad51d,117323
4b8e1b90ad179f8c8b3d06eb36b13f1fd59bc5f3,117330
4d042d31032715e89299c6d52983665d213d060a,114888
00867e136c36ee319c7bd4ba7f3d34e69c9ec858,117290
a84f4e5773aecdc807115e900ee18eb198db7968,117324
36b3c8f4b1f15b8a975e332d60d7a86facb99652,117364
55afd0c7da343031231bb06c681fb0cc06f726db,117365
fd518df1559fcc062add7118f31ad2b2ba024018,117365
6f76eaa552714555986db14c136c8d386753d35d,117368
bf16c3af1364490285f4da859509253f22247896,117368
bdaf153ade076ef63c62cfa85c701ae1d74d2f1c,117368
41b15df0d3cbed3b87b646915bd596d7da589759,117370
c9d1e904cf64e3942037a6b44683b2da73330f27,117371
a6400dc045db629efac4d363213d4cb5fd4e8dd2,117372
d6010435aedcf8838b5a41abfc45d80d08ff6952,117372
01981397e1b55652904d94ed0f00fe0174489186,117372
9f1eeff96cfdde8d70ef4c5656fd44c899a5e8c1,117372
70d58653a8dba820c530f5416f47b69da22d9f18,117372
36c8272b3f8b0b1213c07104e3e39695c47814d3,117372
27d14379f3519faa0274425de755a456b51c5959,117372
dd8910f13290abf7cc5f918ac18427dfa99077ee,117372
10050aad729c7431c689cd817899d892b7bd2723,117372
cb3178d8eea2d02978f30c5d6c6acac1d1ac0782,117372
39602248a8fcfda5e327bb5cd892bb946e1bcf9a,117372
1bf50b335dcc6170f84bfeac399c6729a740f80d,117378
25064db654b1c87329328a27c96e74c978068c37,117378
8fe2ee23c131cb0a23a283867580bcd990744f56,117378
09fb8a776e1359aaf0fdca5c5037e9bee9a8847f,117378
454c23d8ebdd84a43cb425a7e8b470a98c5c5bc6,117378
7dc5112b90a2202f60c3c7c2c0b413772bb7f3d9,117380
9de57e70410cc2f988b13167c0ccfd8dda018f8b,117380
c01e2c55a7dbabd9d569ab44818aa1e4e6854f18,117380
09ffe52fd528826ae0c944d075085e64ebf8dd1d,117380
a82cc1085d0d762c43192754240bc87f7fdbcb17,117380
1b5fa366b92e1ba7611bb035f8bfc6a14d478ec5,117380
2be19f6503a91f3d335c52ce6811d02ed5917207,117381
3a09d2c8b0f44cc0a5cecb7d452dcd936c9a7824,117381
8db81989fb874b285a40d2aaff7ee5640f64e359,117383
49cfe1fac41e40ba845936811f0cd99fddc75aa3,117383
392e04a79507841b02158ca8d81455e328723f2c,117383
c9dc69bd18624ce12c0cd224a2b9749cef8e6431,113130
ecbec6263a90d381a812190ed6ae95bafc1103c9,113130
1ec3a57d6fbc73fc72892fe652b6cb39240c1f26,113130
49db62e5e0a068949a43588bc30aca456603f992,113130
b745bdea2a88d3736a207b7ff535c856cbc0bd34,113130
c86d023c4eee73a50fd65699e63eb7ee7786ec27,113130
9a3a2bf9ad97347de1fdfc5f520d9c727c71cd58,113130
43a04f75e6b1892a83bfe6cf38463fe3358bea9d,113130
9b82b5969ff08100a695613b11d3b21e5fb97c9e,113130
00354d8a2b66c9cf48c79c634ab46ba7d200204f,113130
cb34b1f345d51a26d3da7a659e9ce0d3c27dfa7f,113130
df8689b19dbb3f5cf7e7b0d9848006f274f69ea1,113130
3cc93aa6c87ffc272c2b41e34fc36cc648f2a5ad,113130
eaab11105aad74c6fa98bd5566a5faa09ec9bb1b,113130
393faec5eb46c102c17223b46fcdac5f8c067ea2,113130
bbc32918fc17f8961b2fae28597ad1972551c3bb,113130
ad02dbc5b9090ca8d49b33d0684805b7b6a16daa,113130
9a0b5fe09e07333bab65dff2e7c0c406989401f9,113130
1404125e269a7cb31517f9799bce3027fa6c2589,113130
21f4633e06449c4dacb7dba81164a58001ab021d,113130
15ba0e2cb71aab5ba01192f822759ab61b80b8b6,113130
2f0625ba1fe3f2fbe2008ad86c09a4597e0ea604,113130
ac531023e94a09d78a044a1a252224d7bf716106,113130
e2a891b72e775197f8f09f3d5b595e957a818e22,113130
4b0d24b88ecfb567b0b8822412cc4c582b6ff87a,113130
f18a8a19c9421ab102bd335cca04933a114a1fd4,113130
ebb04ada9de3c86cf4d6dc9d530fc4c392423258,113130
7b0e7876674e8c3f1402794bd026dabbbf81052e,113130
b2274d7bfb2f372d9141b05faceb1edd051a7c66,113130
67e862c37abb9f1a223082f3f1fea0145720aa48,113130
dfc378892112b9b59ccda9a8ddb3f18a1a7776ca,113130
526c4bc59b7a72ddc52bd27511e9028ba358d009,113130
19eaa0c87a0049a9541d5515941b2423d44c7b52,113130
b3a0922e669c34a94f255b4f44613730d0acd346,113130
32ffb3c41400c78589665a9fbb81040920375937,113130
1394a9a5ae605d504806554c3e1b8703fef9a161,113130
0d94fc917d355ac21f8c06516d77b472b74bc8e6,113130
3afe97fee4bd6cde30e612f77cb72826c3ecdb9c,113130
82b40dd39414021b43170afadb3090908cefe256,113130
7235648f399f9c0d2b8ca30f4aabeb27a6fc0c29,113130
de3012255ec884826db108c521c6b2c520c1c4ca,113130
882582e9045875be6603e1a29c0e7700d7115caa,113859
8a46234e74e51ce30b986b4545531cba7f7d12a1,116548
2b71bd5f708767f823a2f98c82e58957019b29ad,116548
03b5cf71a64ceac4d4cd216e0e38deb31734ca70,116548
fb3c9e9e159964426b16cca97a3570cb5e61ae8d,116548
2b9a7eafa695dc8883c03a5b810838eb5806b551,116548
7c00e2e7ab9c4cb36767238452e9ae0c4b972f83,116548
c0f32e964a0f306d4e03da3fbb9d20af6e4f345e,116548
e3752373ecaacc9ee6029d7c7003a3c394397608,116980
490917f0cc949fea34f14a9807cbf89c11042ae7,117230
04cda19b834cae992b1ff4ba21824712cfda37da,117438
3820679807680b36d13c0693b5e0f9ad51dabc28,115003
2fa0c977b367451a7b4bba5b58d61e37594d1994,116918
d33000ddf43a76a0d66dbc4226cfc6b131784486,116938
775594bc5ba3901cc64c9bcf2af5a9532d16dbad,117151
b9ad72159d33b9f04ddea3df24408c1e0d749310,117156
f008ab3b23b53fbae5af82091f315864faeeb9c1,117429
12caf605bf822b5fec818beb88a763f057cb441e,117453
988b4083d26268ce7fb55de1c608f0adae5c319c,117457
b39f86ea61d0a0fdd7e9f145110649394e2c22ca,117462
07aa7454e523598690254fb08361a5c31815f448,117462
813f39fa0257666ba354b083af34a13c7b01360e,117163
aacd8c0159f3572709b0699be8e6a15485164b35,117382
4b0c39eaaf756f5ea81a2fecf089c6480c2d4cb7,117523
cd5c4c67c7cebd4c8ba9d2f0dfd81d37a0c4aaa5,117523
66291f676565926e1c632b940ce0bdf9d62fc700,117523
5b3aef9a52f2bcfaad47705b2490bc0a7339282e,117523
390a6931c186d059790cdc79675536e1415bb1cf,117523
b5465f7ba7082b847ed20bc3221621518eef2708,117523
be69d4a3d1b7052da460b260f5ebb0d2d4f948c8,117523
8ff0611ed446caa697b671dfb13a362e58934eb1,117523
0c4287c53f6ac21f8ac5cdb5e30764538d895167,117523
a2edf9a4018826b060092167c6efe0652a599a4a,117523
7f57b19c2224cbafbd27a2320f2d55f4783f870b,117523
4d7d0a0be5506ae9868de74608359e216e67d885,117523
ee7724bc64223e2bb0cc63e8492647932bec061a,117523
94c4497c5421db6000b1c27757a26b5f0a4c1276,117523
a3a25b8cf47eede8b18f518f179b92e455e9c089,117523
2f592978777a9c3d79c3f7f61755986d164e05db,117523
94aa72ec0460cea701082aa133f01835ace8ad0f,117523
0b2cb49521f34e0cd0a4c31c20796be0bee66641,117523
ce65aaa90326a9c355494b1622362d2b92032676,117523
7b2560ce465cecbea5bff341cdf24e524a70099a,117523
d607f6e7d55367297549e789e61fe8c3b6874300,117523
45f84a17c386d0ff9944c182ba3dd1baefc6bf2c,117523
5237da656f92e66952a8b4798163c988b5ed650e,117531
2f316a6ff60d27cec03869e16240bcdbc9818685,117669
4564d775ab0b0458947d4988a8bb1dec2d9c3e9a,117600
2744544c523d963bcabc7f93c4948211861f1e69,109976
2a2558ca358a32531b832a2b5ab64ad717143d51,113842
d7f44dfa60f2273a6158cc6f5eaee75fc8edbcf8,113842
53bf364cf833380c023eb5183767889a5d83d0fe,113842
54ddc071d4e9c0f9d91803e539a197f26afdcb5d,113842
192e9e506d67e2a42727847b683c556072960fc9,115749
821fa0e89270db278b723893299d4b0743a93045,115749
eb8290606c299c70be4de12540cd8684bc767d49,116888
8a0569eb0bb0d7899a498ad2c19ad06f59ba2494,116888
c12c6b05e21a61b1ad9a5fe5a9e978694b9c5301,116998
2c1264e73ba52d054df734ef676dd05045e87769,117326
08db88643bef03cf379bf4e478a5cf185c4d7a09,117357
3e2e55894ea7a88ee6ced8289f8b50e883850157,117357
8be3a14d4bd4539156b6087d115804c4a4563186,117552
1f8fc173c18620d2282d508ea271e5a464c75c46,117563
654f6f946e79a1a16d333544f9d0fea644fd62d7,117563
7e1471139fa744123334329e3ae6f6904214027c,117565
39e50c082e23011829e7cbc633ee002e0ebd80c9,117565
8a459d7f179e020ca77594a1f8bbea2aae8a60c6,117574
e8512e4f6e03a1fd65d3c7857d41b4e4264d7ed9,117582
a96e3d8fc66310fa20907061dc54b4ea0d586614,117773
588f590744acb77557e9b7e5f73641faecfb2530,115601
49e35609c4e816ac6ac6ae80700752c8ba5febba,115601
0430be12f4ddc3304b6377bfc5a0f284c40b1620,115993
156fbcdc4913dc54010d51c46265b64c9fabbf5b,115993
1aa8651c20b1e40cc0b9428b30a099c9cb595dcf,115993
ecf20ca094d62442976c47d56a3ebfc30e71af35,115993
b3d599a3ec953383dc74b16ea4ba930c717ee866,115993
6e40d2478e1257105e45e01c19936d2601026078,115993
74aa0b7572977a84b2d02fb824513f200461900b,116793
35768b7843a4a581a9e51108c139318fc8d792d1,117068
c0024f5c6c9ba92615cf722ac0e9992a37ae17e8,117098
446f5afe0724fd9cbe07e95bf8d0ae63650564fc,117578
bd6980b5b96159fa51b6cc265da887603c20edef,117578
5c3fd337e9ae1643e400d7423081892f3503f90d,117578
89f16aee9885caccecd17f5799272e7277b4e16f,117578
7128a9510b05c66d0566b35675fc40c7f051ec60,117578
c3b2f746488d4a77d3d0668237a0016a4ce44cd8,117606
9d618422ec4fb4b1fac02a1f8a0b1f14a5b83e03,117606
fefa04947bc742863467928eb90eaedb853a406f,117729
7eb1496bcc940b798520d8c6b5e53079ddafad1e,117467
7dfcbc1b4f4dae94c5adcd97ec315c6a43bda4f4,117467
1f8908155e3d85825e6f3e61400bf8f50fef08f5,117467
c6bd26605cad13d4fb1a108d70b49e93bf1a0705,117467
627dd3561e4ddbd33aa45311bb25b6434802c41c,117467
456ad0996a8b83f14d5be9ba360d40957edb6394,117467
82322670ee2b9163710daf47b6c5d2a53caefd87,117467
277424084e740da5d61a17f40bea3457fa593acc,117659
4103ae2a2b74a69b47136a6b4b298b6a3589991b,116118
ef4b44bb9c7f8462d22641e3281e1f741144af51,116118
52b4b49644ccb3bf5941588b409276e722fe8311,116433
ac2a794324b748e3292794fb6a14551733410e9c,117087
cfbc6346bb02bd48380cf11f4b5fc8fbfb6cbd4f,111693
0c080b9cc42853edbfd3885f229c293419f3f734,113783
7b9280e9bd481527fd7b21e0ba07a797997dbb75,115822
47728746bb52863607f06072c13a0a524ad6b654,116196
832803a81a59c330a02d4c3bfa4c31ac6602c265,116196
ec822ceed83b5008d4a28700fdacf2ff80020963,116197
2bd5ea88c69bdd94fc5a9e6757b29e1de9903ef5,116197
42706489ea21a67cfdd6ab7f9f8322a9cad642ee,116201
fac63b14b4e580e8302190d1b68a4c9c0af8994f,115998
98ac3cb8763101cab73603ca38eb2c48700abcc3,116648
37d9bd23600bb01e33ede0fe4fcfc8734b6cdb71,117231
8e943a6904521ba2a0b3650f6dfc5753518dd52b,117231
7bb89a3711abd64fd802a826301feba90246bf45,117516
ca63da40edacd76a50862f6b143aaec5291419d8,117595
256e764458c653104eed6fe7a0b211060fc187be,117890
409740102b0358524e10649b7f812dad870cf510,116371
82e9da53e484f178f454d1db8863b70c3de5dec2,117346
adf2bcd137b5ee875312a9233f8810444451f5db,117346
64b1e7447856f635ee8bce9eab7c615da78133b8,117275
bfdccfc6578b31585aed35b21184c427f9edb25f,117275
a313cc0ed63275a9d69e83d9030e1713ec2c9843,117391
8f121830d1362e555fb46c19c1d4e980c78eea27,113891
8be3784ff7a381d9b35d3d42b36df8db14260ed9,113891
6ff5f3b89e5b3fb4a8125af6e3eb4f668612f10a,116590
833321182a48c1f442862c5d6f117cdde80c35e6,116787
a785b388cf7c89d738820533925212ec11252757,116857
fdc10c0b2ae05054335328283e33aa18a97ed53b,117150
93ee9cd96ded01a1b4dc1d469b4148ceab0e76ec,117154
64a92af4553fd989ccf4e8bbed167dc1086dd052,117154
37a801dd3a77a3262f92ead0327ee7ac5f7fb002,117155
b1ea512e79588823b30f0f09ce4bf8fbccce30eb,117164
883c5d85f8673e00ccb8392b1cbf466cb6ef6deb,116155
02e91347910cccc57a7f48848b37d02ef3b94a9c,116155
9518fd3cbe0f1d1dd973b17fe0e0b088b67f7ca1,116155
e23581ba2af208ca86412bf25b41de6fda6299ae,116155
60145eff9940cc9bc15cb82f7c6de7f0e92e3435,116155
223885d7945ef283d35c3669b2e3063edf896621,116155
c9ab6ee9f95e9c75326686b90b3b4efefd9f3558,116155
95882fc038a725d470c656c6fe77368729f16fde,116155
c22c6aab66f2e2a672a9a86cc9386c371c932ecf,116155
d62cfdcf2508ba07b137e8094206a84c622cd530,116155
7e1afd76096a1f02225be9253baf47b559bf939c,116155
1357046d28eb8cbb774d89f4781a26e0497627cc,116155
dd45aa83fecb347ac80ae8f64d7438f7e2999ddc,116155
aafed8d065997cacf117b5bd651ab24491cf9472,116155
9bbf4cbd2b14d7d838baff0ec46c84a929111a08,116155
4b697495b914da7183a6164657a69c78009d22fe,116155
dae7f20bc5d787077c1d5a44e270533f4bcfca41,116155
3ae80df6124d050f00665df62a7904bb63f35b40,116155
8cd189bed2b692211acfbf35dd037963bf8a32d8,116155
db988a3f51b6b50e4bd2f25b8495bc5dd9d8b5cd,116155
daa15a90a46b253504ba694b6c354ca5c3dcef78,116155
c63e625d625544968cc3d7abd6bf697f372e6879,116155
ab5f75b2c27b2827510296e8f93ebc8555a707be,116155
8d629c279334dd307b0158474a0a4466c5d086ce,116155
95d2f9f675e66fe9057f675e0e52914983df95b1,116155
af3d37f2423ebacb3f27e4b238a635ef09a5bf92,116155
d49f5741a0cd3b6915319c7376f9350c012c30d7,116155
199a5bb26c4003b5e255897d3f7748974dcf8621,116155
9ec9d61df5932c7069044730ed0a69dbeeba6235,116155
a4b5220fa86565b0b53efe5f41f9ea289b74b449,116155
61b6d7c69b73f8a83f5b47c841da9c72f864ee4a,116155
f60a215637b772eb029c83a0758881b885ad4e0a,116155
3d511cf30ce5b87b0af2029bfe7c461174ff2852,116155
2d45909af4730d764a34f893410cb9f6959523b6,116155
f0e8f0cbf133476e9d9e15444bd1a06f2bf20fb6,116155
023efdd23cb3ae5debeedbea865fbfbbfe8be115,116155
1e4a7bf2f7cdce8f835eff0a50f1daed5d26fbe0,116155
1f59dd2750104bc38843928ec0ea2c45c295ec3e,116155
0a9199e847ccb039e51123b4ab118575649d754c,116155
fdf2af1d8c1101ea4259b70b651fb531ffb195ac,116155
4b3718a836bfe994d2dee395628f55766f96ba4e,116155
b788e766465a10387b5f5c0e9012d658fb57fe62,116155
5b4278c6959f841fade5525d0cd9b06cc420bc95,116155
aeedfe68623cf680bb0740008bf6d7369b739351,116155
b323f63c72bb39f71598e8a95bb44a38d83dabbf,116155
894c2c99aa49c8ac80c593f45196313b855daf95,116155
2b795b864018ecd4f2be7ebe09af5d3653296f43,116155
6acbff0a551cd2c4318072bf17f95f9efa17b818,116155
423f047bbea83446bd7e3b17d599e93865830d25,116155
dcbb70aaeaca0b5ecf8635a2badcdf70cbebf31e,117375
461c9d86739e3ddcc2d1683af292537f232856fe,117375
7e7adbfcd3a990b3806b4e6bb4a7493d1746d89c,117375
4d692f6829fb48881b15c51f90579c459a216aae,117375
fbe2ec43db7092c35a451f6c2cf743d73dc30364,117738
6a9587dae568fc04595187d9808cb88cfbce8d00,117738
4f85f461e5fcaf9a74af77ad5219e8cce2770000,117778
b3b1cefe40b740d1741ace98b6eba25c1105fc98,117780
7c0f5a9621029db9112a39bf58b80c373b821660,95519
915ab346c807d945720b6fe6b33e5c361b28891a,95519
12f3a8ed907dbd6fce513050c7fb12392b8fdd0f,95519
5aa7a3705ea3b87218fa07b3e975da7f757d83b6,95519
0839e62efde5c0126a9672fba77581111dfa9b64,95519
78ea662dfe39bfd44fe7a1d787022910c2b8687c,95519
8f472905d513e0f0d21279c3efbfcd2d1b99f1a0,116269
0d13680e62b7ac0ce401df4b686916509cea81db,116269
668ff3ea52c7324d978d23ae218886eece1457cb,116269
0fed3d13432b1a89871bb423570dbc4af4b51208,116269
d5bdb94f91758715a3f16b63a56ec97b3881b195,116731
4d46ce556b4cb78ace605d3872f8b1a274a5e9a4,116731
34488865ba559989a232101dd88b9625efe2afa5,116731
eb52f05d3834f87815f9acb400dfe68462be5962,116741
b2f81114f5518065824051e0fb1f59918c70e9a0,116741
4a2800270d6064dd907476312d54e1b1a295d08c,116741
33b40f305468c60d0baaeebba913df6e82c441de,116741
3062245d5980f5c89a81cff28a7389e55396d82a,117950
b6fe29324de5674df429c2854c33e7eb455ae77d,114438
230c451d94bc1a035f0c278518ddf15681b7582f,115549
f4065d4bc351d4f473f989a1130af55a0f9324f2,115882
cdb36f90ceed666c3a523be6df30b62f47489575,115882
f24575bee013538a5bbc902f332c7d521cf23ca0,115882
9ac9aa6ab2f194ba6b77618855f7b02fa54ab63c,115750
1d93fe52d688a40db5add498762db6b6d54fdfd0,115678
e5c2d7f4fef891596e42380aed77d2f295fd6f13,116751
6297371054851128114c7f3a3d164b6930c452fb,117718
1f429c1a109fcaff06bb83c04a8165569e1de3a1,117718
a5de9a0a9e76df56f0770a68d561fde415559989,117718
e73274a268e1e94c63961a0c28211e41fbf07bd4,117718
8e6e8392d82e3dc05c35600ec5987efd6284cb6a,117892
db6c6eb2b45651d815f85d35c816ac59348a4bb2,117839
6147055fe0741f937d36d3ae80ec4b5d586956bb,117839
4df02e404bc2d0055d977c332b231a11aa472b28,117839
b6fa6ef87d7d6bec87bc96bfad49ee63bb60b390,116956
f2b0a5cb696aa76dd6a52a7a7c26f5705aa4ff55,116956
e5dbea7e55cb262d7ee178a076623df3570a0f59,117244
5b93284984f28e57538491a8929090c918da6e97,117816
dbf8ef653fc5134292af1ccea5add0f73271455d,117891
f949ca855f5e580e5f0c3fd6193d0124032bc40f,117891
dfc0c963576294b3730e263e068ff1f1cdc039f5,117273
210f14bc450114699774c5ea5ae8e4ead6e63888,117273
b7ef4a56a0ae169e082d1e124fbdd2b742eef8d1,117454
2644418ab6d815793a558fbe01c4e1b8ea647dd2,117670
884f579cda44b85162ff5000a272da0316d2bbec,117909
3d8bf42f3acb05fa0501e81f28d83f0482a839f2,118189
454a848006595ce2d77fc2c9e458b0c557f5e4af,117927
3f244c1709ec0be533ed83d34998e942fc4da399,117927
e9898c4d22f69575d9b5f297b3df130ceaff1b8f,117942
60f7460538316838ee3a2f2cdac0903707023b5f,117314
2f849c48ca53be955de711c8e420910ee414f211,117314
550437bc9efd7b733f13b9be73e77fd98858c8a2,117939
a1030423b1b77efb106e3ebcb6912430f8b17eb8,117979
79ecebddd253dc99c77727b1e692d88bd3ac09ca,117979
49f531163bb07e872315cf1e927acc522f9eb2be,117915
b857d3a766a38a4637ce1517fee4e0368a7a70ca,117914
2992b11360c3491ee19ec901fbe6c97847b06c52,117148
44f7502575450530ee72f54c859cdd4763ff37d1,117916
96c8d444b8b2564f3a1175c6a877ba49b4b8e271,117916
99580d7a6d5c021f6c9c32bd6e76dbea5209f50f,117920
90917bb89319940d7a739d1ee3b280b56f320a16,117918
22b90094ba0ad59006bcafa40ae756ed068344eb,117918
58a2de6e857378c002b0e5e231c2c1a74fb4ebac,118008
cd6ede6f225658d281d1e3a0797d2a8e13e1503d,118008
ac179c3dbaca8c48526c3c218a8ced2d431a3c6e,118008
49ab30c766afc8352d66cc9de6c66c3861ae69d2,93086
34e817693582753a81c11dea868115208c765fb3,115964
3977d7274f6c1ba039bdb42b5eb12426c79d7c72,115964
377e68a162ebf178f6087506313b7195d56fb085,115964
aaa539718728001172f135ef16ba4ef6ccee6939,117917
c87ad3e8accdedd1198ff6e158c7c1aac4cce544,118029
d2bc22053b9ff721bdffc6fd00f4ac5a3a60e4dd,118029
2662f84b83b29e0074cc63d314e280eb7b0322a0,118033
f47cd32459309a2f15e16fda097f4bf9aac265b8,118033
f08ccf6f118671c49589040543717e8c94aa6cbb,118033
affa5d05d08260e66000c90309d9bac0d16a9538,118041
10eace8af800e3f5fd202673c446d37e614f9b6a,117093
5ba2545081ece51a974c8146befba00632cf4c4c,117366
3bdda744f9144d8d4fc45e85e3997aea5c270943,117581
663f61b9a85050eab72a3fb94c31924ddfb84864,117581
e5854151e9898a0f63fd5f055a4fe1e3e54f5011,117945
62acbd571c7294d899861a507e34533e16da7758,118245
ac1141fbc98a51d5dc95f4c94f563a68ac566d61,114785
c86d7cea4b9b1a8128a4960618c352052b9a14b1,116190
1bb3edbfa6a06ab78beb69f63ec195e07c2fd892,116190
7a5915bab29abc0a8f47f1633b0aacf6e0c5fab9,117351
f6b9459f082ac8cc18b7d20a5c4ce1d86b7a55b5,117351
6b187f42f1758b0205a268c05589257414ce41c8,117351
16aa19ac40560f2918f15ac9a86a274e1bb70ad3,117351
620ba8d7f00db27e62b4e4640832f0c9fdde8ebc,117351
6649a9c0b5b40e047be84e71f9475d836c4ae085,117351
e5e4240604f8aa51bb181fe99dd82ecbb429dbaa,117351
5460f2c125aefacd70b0d1d1fac145d2944a3154,117351
d9245e860ff7fcf63a86812ad9c1d8ab6a38e8fd,117725
1f4d76e0ecb52332b1335d295ef552274289766b,117725
c5343134b94d47686c33aded0575704b4f1ca569,117725
3cb6d0baf38c747d3c3bbb23cce43e9ba4dc91ac,117725
770e6c310e823b24549f47b0105a8c4917070168,118089
d78f8ed6f56725cbbd095b221270ed12d641bc13,118096
f8541b3e097283f3fa132317ece55f9106f731a2,118096
ecc6410f1f20f5988dabeae529870e1e764d30df,118122
d48e5f940e60f7dbf7cdd435fb68a319ad74fd8a,118122
011b12be584fa3a124f1da27acfed8d0f32f71bb,118122
